name,skillname,skillurl
Earthshaker,Fissure,http://cdn.dota2.com/apps/dota2/images/abilities/earthshaker_fissure_hp1.png?v=3484791
Earthshaker,Enchant Totem,http://cdn.dota2.com/apps/dota2/images/abilities/earthshaker_enchant_totem_hp1.png?v=3484791
Earthshaker,Aftershock,http://cdn.dota2.com/apps/dota2/images/abilities/earthshaker_aftershock_hp1.png?v=3484791
Sven,Storm Hammer,http://cdn.dota2.com/apps/dota2/images/abilities/sven_storm_bolt_hp1.png?v=3484791
Sven,Great Cleave,http://cdn.dota2.com/apps/dota2/images/abilities/sven_great_cleave_hp1.png?v=3484791
Sven,Warcry,http://cdn.dota2.com/apps/dota2/images/abilities/sven_warcry_hp1.png?v=3484791
Tiny,Avalanche,http://cdn.dota2.com/apps/dota2/images/abilities/tiny_avalanche_hp1.png?v=3484791
Tiny,Toss,http://cdn.dota2.com/apps/dota2/images/abilities/tiny_toss_hp1.png?v=3484791
Tiny,Craggy Exterior,http://cdn.dota2.com/apps/dota2/images/abilities/tiny_craggy_exterior_hp1.png?v=3484791
Kunkka,Torrent,http://cdn.dota2.com/apps/dota2/images/abilities/kunkka_torrent_hp1.png?v=3484791
Kunkka,Tidebringer,http://cdn.dota2.com/apps/dota2/images/abilities/kunkka_tidebringer_hp1.png?v=3484791
Kunkka,X Marks the Spot,http://cdn.dota2.com/apps/dota2/images/abilities/kunkka_x_marks_the_spot_hp1.png?v=3484791
Beastmaster,Wild Axes,http://cdn.dota2.com/apps/dota2/images/abilities/beastmaster_wild_axes_hp1.png?v=3484791
Beastmaster,Call of the Wild: Hawk,http://cdn.dota2.com/apps/dota2/images/abilities/beastmaster_call_of_the_wild_hp1.png?v=3484791
Beastmaster,Call of the Wild: Boar,http://cdn.dota2.com/apps/dota2/images/abilities/beastmaster_call_of_the_wild_boar_hp1.png?v=3484791
Dragon Knight,Breathe Fire,http://cdn.dota2.com/apps/dota2/images/abilities/dragon_knight_breathe_fire_hp1.png?v=3484791
Dragon Knight,Dragon Tail,http://cdn.dota2.com/apps/dota2/images/abilities/dragon_knight_dragon_tail_hp1.png?v=3484791
Dragon Knight,Dragon Blood,http://cdn.dota2.com/apps/dota2/images/abilities/dragon_knight_dragon_blood_hp1.png?v=3484791
Clockwerk,Battery Assault,http://cdn.dota2.com/apps/dota2/images/abilities/rattletrap_battery_assault_hp1.png?v=3484791
Clockwerk,Power Cogs,http://cdn.dota2.com/apps/dota2/images/abilities/rattletrap_power_cogs_hp1.png?v=3484791
Clockwerk,Rocket Flare,http://cdn.dota2.com/apps/dota2/images/abilities/rattletrap_rocket_flare_hp1.png?v=3484791
Omniknight,Purification,http://cdn.dota2.com/apps/dota2/images/abilities/omniknight_purification_hp1.png?v=3484791
Omniknight,Repel,http://cdn.dota2.com/apps/dota2/images/abilities/omniknight_repel_hp1.png?v=3484791
Omniknight,Degen Aura,http://cdn.dota2.com/apps/dota2/images/abilities/omniknight_degen_aura_hp1.png?v=3484791
Huskar,Inner Vitality,http://cdn.dota2.com/apps/dota2/images/abilities/huskar_inner_vitality_hp1.png?v=3484791
Huskar,Burning Spear,http://cdn.dota2.com/apps/dota2/images/abilities/huskar_burning_spear_hp1.png?v=3484791
Huskar,Berserker's Blood,http://cdn.dota2.com/apps/dota2/images/abilities/huskar_berserkers_blood_hp1.png?v=3484791
Alchemist,Acid Spray,http://cdn.dota2.com/apps/dota2/images/abilities/alchemist_acid_spray_hp1.png?v=3484791
Alchemist,Unstable Concoction,http://cdn.dota2.com/apps/dota2/images/abilities/alchemist_unstable_concoction_hp1.png?v=3484791
Alchemist,Greevil's Greed,http://cdn.dota2.com/apps/dota2/images/abilities/alchemist_goblins_greed_hp1.png?v=3484791
Brewmaster,Thunder Clap,http://cdn.dota2.com/apps/dota2/images/abilities/brewmaster_thunder_clap_hp1.png?v=3484791
Brewmaster,Drunken Haze,http://cdn.dota2.com/apps/dota2/images/abilities/brewmaster_drunken_haze_hp1.png?v=3484791
Brewmaster,Drunken Brawler,http://cdn.dota2.com/apps/dota2/images/abilities/brewmaster_drunken_brawler_hp1.png?v=3484791
Treant Protector,Nature's Guise,http://cdn.dota2.com/apps/dota2/images/abilities/treant_natures_guise_hp1.png?v=3484791
Treant Protector,Leech Seed,http://cdn.dota2.com/apps/dota2/images/abilities/treant_leech_seed_hp1.png?v=3484791
Treant Protector,Living Armor,http://cdn.dota2.com/apps/dota2/images/abilities/treant_living_armor_hp1.png?v=3484791
Io,Tether,http://cdn.dota2.com/apps/dota2/images/abilities/wisp_tether_hp1.png?v=3484791
Io,Break Tether,http://cdn.dota2.com/apps/dota2/images/abilities/wisp_tether_break_hp1.png?v=3484791
Io,Spirits,http://cdn.dota2.com/apps/dota2/images/abilities/wisp_spirits_hp1.png?v=3484791
Centaur Warrunner,Hoof Stomp,http://cdn.dota2.com/apps/dota2/images/abilities/centaur_hoof_stomp_hp1.png?v=3484791
Centaur Warrunner,Double Edge,http://cdn.dota2.com/apps/dota2/images/abilities/centaur_double_edge_hp1.png?v=3484791
Centaur Warrunner,Return,http://cdn.dota2.com/apps/dota2/images/abilities/centaur_return_hp1.png?v=3484791
Timbersaw,Whirling Death,http://cdn.dota2.com/apps/dota2/images/abilities/shredder_whirling_death_hp1.png?v=3484791
Timbersaw,Timber Chain,http://cdn.dota2.com/apps/dota2/images/abilities/shredder_timber_chain_hp1.png?v=3484791
Timbersaw,Reactive Armor,http://cdn.dota2.com/apps/dota2/images/abilities/shredder_reactive_armor_hp1.png?v=3484791
Bristleback,Viscous Nasal Goo,http://cdn.dota2.com/apps/dota2/images/abilities/bristleback_viscous_nasal_goo_hp1.png?v=3484791
Bristleback,Quill Spray,http://cdn.dota2.com/apps/dota2/images/abilities/bristleback_quill_spray_hp1.png?v=3484791
Bristleback,Bristleback,http://cdn.dota2.com/apps/dota2/images/abilities/bristleback_bristleback_hp1.png?v=3484791
Tusk,Ice Shards,http://cdn.dota2.com/apps/dota2/images/abilities/tusk_ice_shards_hp1.png?v=3484791
Tusk,Snowball,http://cdn.dota2.com/apps/dota2/images/abilities/tusk_snowball_hp1.png?v=3484791
Tusk,Frozen Sigil,http://cdn.dota2.com/apps/dota2/images/abilities/tusk_frozen_sigil_hp1.png?v=3484791
Elder Titan,Echo Stomp,http://cdn.dota2.com/apps/dota2/images/abilities/elder_titan_echo_stomp_hp1.png?v=3484791
Elder Titan,Astral Spirit,http://cdn.dota2.com/apps/dota2/images/abilities/elder_titan_ancestral_spirit_hp1.png?v=3484791
Elder Titan,Natural Order,http://cdn.dota2.com/apps/dota2/images/abilities/elder_titan_natural_order_hp1.png?v=3484791
Legion Commander,Overwhelming Odds,http://cdn.dota2.com/apps/dota2/images/abilities/legion_commander_overwhelming_odds_hp1.png?v=3484791
Legion Commander,Press The Attack,http://cdn.dota2.com/apps/dota2/images/abilities/legion_commander_press_the_attack_hp1.png?v=3484791
Legion Commander,Moment of Courage,http://cdn.dota2.com/apps/dota2/images/abilities/legion_commander_moment_of_courage_hp1.png?v=3484791
Earth Spirit,Boulder Smash,http://cdn.dota2.com/apps/dota2/images/abilities/earth_spirit_boulder_smash_hp1.png?v=3484791
Earth Spirit,Rolling Boulder,http://cdn.dota2.com/apps/dota2/images/abilities/earth_spirit_rolling_boulder_hp1.png?v=3484791
Earth Spirit,Geomagnetic Grip,http://cdn.dota2.com/apps/dota2/images/abilities/earth_spirit_geomagnetic_grip_hp1.png?v=3484791
Phoenix,Icarus Dive,http://cdn.dota2.com/apps/dota2/images/abilities/phoenix_icarus_dive_hp1.png?v=3484791
Phoenix,Fire Spirits,http://cdn.dota2.com/apps/dota2/images/abilities/phoenix_fire_spirits_hp1.png?v=3484791
Phoenix,Sun Ray,http://cdn.dota2.com/apps/dota2/images/abilities/phoenix_sun_ray_hp1.png?v=3484791
Anti-Mage,Mana Break,http://cdn.dota2.com/apps/dota2/images/abilities/antimage_mana_break_hp1.png?v=3484791
Anti-Mage,Blink,http://cdn.dota2.com/apps/dota2/images/abilities/antimage_blink_hp1.png?v=3484791
Anti-Mage,Spell Shield,http://cdn.dota2.com/apps/dota2/images/abilities/antimage_spell_shield_hp1.png?v=3484791
Drow Ranger,Frost Arrows,http://cdn.dota2.com/apps/dota2/images/abilities/drow_ranger_frost_arrows_hp1.png?v=3484791
Drow Ranger,Gust,http://cdn.dota2.com/apps/dota2/images/abilities/drow_ranger_wave_of_silence_hp1.png?v=3484791
Drow Ranger,Precision Aura,http://cdn.dota2.com/apps/dota2/images/abilities/drow_ranger_trueshot_hp1.png?v=3484791
Juggernaut,Blade Fury,http://cdn.dota2.com/apps/dota2/images/abilities/juggernaut_blade_fury_hp1.png?v=3484791
Juggernaut,Healing Ward,http://cdn.dota2.com/apps/dota2/images/abilities/juggernaut_healing_ward_hp1.png?v=3484791
Juggernaut,Blade Dance,http://cdn.dota2.com/apps/dota2/images/abilities/juggernaut_blade_dance_hp1.png?v=3484791
Mirana,Starstorm,http://cdn.dota2.com/apps/dota2/images/abilities/mirana_starfall_hp1.png?v=3484791
Mirana,Sacred Arrow,http://cdn.dota2.com/apps/dota2/images/abilities/mirana_arrow_hp1.png?v=3484791
Mirana,Leap,http://cdn.dota2.com/apps/dota2/images/abilities/mirana_leap_hp1.png?v=3484791
Morphling,Waveform,http://cdn.dota2.com/apps/dota2/images/abilities/morphling_waveform_hp1.png?v=3484791
Morphling,Adaptive Strike,http://cdn.dota2.com/apps/dota2/images/abilities/morphling_adaptive_strike_hp1.png?v=3484791
Morphling,Morph (Agility Gain),http://cdn.dota2.com/apps/dota2/images/abilities/morphling_morph_agi_hp1.png?v=3484791
Phantom Lancer,Spirit Lance,http://cdn.dota2.com/apps/dota2/images/abilities/phantom_lancer_spirit_lance_hp1.png?v=3484791
Phantom Lancer,Doppelganger,http://cdn.dota2.com/apps/dota2/images/abilities/phantom_lancer_doppelwalk_hp1.png?v=3484791
Phantom Lancer,Phantom Rush,http://cdn.dota2.com/apps/dota2/images/abilities/phantom_lancer_phantom_edge_hp1.png?v=3484791
Vengeful Spirit,Magic Missile,http://cdn.dota2.com/apps/dota2/images/abilities/vengefulspirit_magic_missile_hp1.png?v=3484791
Vengeful Spirit,Wave of Terror,http://cdn.dota2.com/apps/dota2/images/abilities/vengefulspirit_wave_of_terror_hp1.png?v=3484791
Vengeful Spirit,Vengeance Aura,http://cdn.dota2.com/apps/dota2/images/abilities/vengefulspirit_command_aura_hp1.png?v=3484791
Riki,Smoke Screen,http://cdn.dota2.com/apps/dota2/images/abilities/riki_smoke_screen_hp1.png?v=3484791
Riki,Blink Strike,http://cdn.dota2.com/apps/dota2/images/abilities/riki_blink_strike_hp1.png?v=3484791
Riki,Cloak and Dagger,http://cdn.dota2.com/apps/dota2/images/abilities/riki_permanent_invisibility_hp1.png?v=3484791
Sniper,Shrapnel,http://cdn.dota2.com/apps/dota2/images/abilities/sniper_shrapnel_hp1.png?v=3484791
Sniper,Headshot,http://cdn.dota2.com/apps/dota2/images/abilities/sniper_headshot_hp1.png?v=3484791
Sniper,Take Aim,http://cdn.dota2.com/apps/dota2/images/abilities/sniper_take_aim_hp1.png?v=3484791
Templar Assassin,Refraction,http://cdn.dota2.com/apps/dota2/images/abilities/templar_assassin_refraction_hp1.png?v=3484791
Templar Assassin,Meld,http://cdn.dota2.com/apps/dota2/images/abilities/templar_assassin_meld_hp1.png?v=3484791
Templar Assassin,Psi Blades,http://cdn.dota2.com/apps/dota2/images/abilities/templar_assassin_psi_blades_hp1.png?v=3484791
Luna,Lucent Beam,http://cdn.dota2.com/apps/dota2/images/abilities/luna_lucent_beam_hp1.png?v=3484791
Luna,Moon Glaive,http://cdn.dota2.com/apps/dota2/images/abilities/luna_moon_glaive_hp1.png?v=3484791
Luna,Lunar Blessing,http://cdn.dota2.com/apps/dota2/images/abilities/luna_lunar_blessing_hp1.png?v=3484791
Bounty Hunter,Shuriken Toss,http://cdn.dota2.com/apps/dota2/images/abilities/bounty_hunter_shuriken_toss_hp1.png?v=3484791
Bounty Hunter,Jinada,http://cdn.dota2.com/apps/dota2/images/abilities/bounty_hunter_jinada_hp1.png?v=3484791
Bounty Hunter,Shadow Walk,http://cdn.dota2.com/apps/dota2/images/abilities/bounty_hunter_wind_walk_hp1.png?v=3484791
Ursa,Earthshock,http://cdn.dota2.com/apps/dota2/images/abilities/ursa_earthshock_hp1.png?v=3484791
Ursa,Overpower,http://cdn.dota2.com/apps/dota2/images/abilities/ursa_overpower_hp1.png?v=3484791
Ursa,Fury Swipes,http://cdn.dota2.com/apps/dota2/images/abilities/ursa_fury_swipes_hp1.png?v=3484791
Gyrocopter,Rocket Barrage,http://cdn.dota2.com/apps/dota2/images/abilities/gyrocopter_rocket_barrage_hp1.png?v=3484791
Gyrocopter,Homing Missile,http://cdn.dota2.com/apps/dota2/images/abilities/gyrocopter_homing_missile_hp1.png?v=3484791
Gyrocopter,Flak Cannon,http://cdn.dota2.com/apps/dota2/images/abilities/gyrocopter_flak_cannon_hp1.png?v=3484791
Lone Druid,Summon Spirit Bear,http://cdn.dota2.com/apps/dota2/images/abilities/lone_druid_spirit_bear_hp1.png?v=3484791
Lone Druid,Rabid,http://cdn.dota2.com/apps/dota2/images/abilities/lone_druid_rabid_hp1.png?v=3484791
Lone Druid,Savage Roar,http://cdn.dota2.com/apps/dota2/images/abilities/lone_druid_savage_roar_hp1.png?v=3484791
Naga Siren,Mirror Image,http://cdn.dota2.com/apps/dota2/images/abilities/naga_siren_mirror_image_hp1.png?v=3484791
Naga Siren,Ensnare,http://cdn.dota2.com/apps/dota2/images/abilities/naga_siren_ensnare_hp1.png?v=3484791
Naga Siren,Rip Tide,http://cdn.dota2.com/apps/dota2/images/abilities/naga_siren_rip_tide_hp1.png?v=3484791
Troll Warlord,Berserker's Rage,http://cdn.dota2.com/apps/dota2/images/abilities/troll_warlord_berserkers_rage_hp1.png?v=3484791
Troll Warlord,Whirling Axes (Ranged),http://cdn.dota2.com/apps/dota2/images/abilities/troll_warlord_whirling_axes_ranged_hp1.png?v=3484791
Troll Warlord,Whirling Axes (Melee),http://cdn.dota2.com/apps/dota2/images/abilities/troll_warlord_whirling_axes_melee_hp1.png?v=3484791
Ember Spirit,Searing Chains,http://cdn.dota2.com/apps/dota2/images/abilities/ember_spirit_searing_chains_hp1.png?v=3484791
Ember Spirit,Sleight of Fist,http://cdn.dota2.com/apps/dota2/images/abilities/ember_spirit_sleight_of_fist_hp1.png?v=3484791
Ember Spirit,Flame Guard,http://cdn.dota2.com/apps/dota2/images/abilities/ember_spirit_flame_guard_hp1.png?v=3484791
Crystal Maiden,Crystal Nova,http://cdn.dota2.com/apps/dota2/images/abilities/crystal_maiden_crystal_nova_hp1.png?v=3484791
Crystal Maiden,Frostbite,http://cdn.dota2.com/apps/dota2/images/abilities/crystal_maiden_frostbite_hp1.png?v=3484791
Crystal Maiden,Arcane Aura,http://cdn.dota2.com/apps/dota2/images/abilities/crystal_maiden_brilliance_aura_hp1.png?v=3484791
Puck,Illusory Orb,http://cdn.dota2.com/apps/dota2/images/abilities/puck_illusory_orb_hp1.png?v=3484791
Puck,Waning Rift,http://cdn.dota2.com/apps/dota2/images/abilities/puck_waning_rift_hp1.png?v=3484791
Puck,Phase Shift,http://cdn.dota2.com/apps/dota2/images/abilities/puck_phase_shift_hp1.png?v=3484791
Storm Spirit,Static Remnant,http://cdn.dota2.com/apps/dota2/images/abilities/storm_spirit_static_remnant_hp1.png?v=3484791
Storm Spirit,Electric Vortex,http://cdn.dota2.com/apps/dota2/images/abilities/storm_spirit_electric_vortex_hp1.png?v=3484791
Storm Spirit,Overload,http://cdn.dota2.com/apps/dota2/images/abilities/storm_spirit_overload_hp1.png?v=3484791
Windranger,Shackleshot,http://cdn.dota2.com/apps/dota2/images/abilities/windrunner_shackleshot_hp1.png?v=3484791
Windranger,Powershot,http://cdn.dota2.com/apps/dota2/images/abilities/windrunner_powershot_hp1.png?v=3484791
Windranger,Windrun,http://cdn.dota2.com/apps/dota2/images/abilities/windrunner_windrun_hp1.png?v=3484791
Zeus,Arc Lightning,http://cdn.dota2.com/apps/dota2/images/abilities/zuus_arc_lightning_hp1.png?v=3484791
Zeus,Lightning Bolt,http://cdn.dota2.com/apps/dota2/images/abilities/zuus_lightning_bolt_hp1.png?v=3484791
Zeus,Static Field,http://cdn.dota2.com/apps/dota2/images/abilities/zuus_static_field_hp1.png?v=3484791
Lina,Dragon Slave,http://cdn.dota2.com/apps/dota2/images/abilities/lina_dragon_slave_hp1.png?v=3484791
Lina,Light Strike Array,http://cdn.dota2.com/apps/dota2/images/abilities/lina_light_strike_array_hp1.png?v=3484791
Lina,Fiery Soul,http://cdn.dota2.com/apps/dota2/images/abilities/lina_fiery_soul_hp1.png?v=3484791
Shadow Shaman,Ether Shock,http://cdn.dota2.com/apps/dota2/images/abilities/shadow_shaman_ether_shock_hp1.png?v=3484791
Shadow Shaman,Hex,http://cdn.dota2.com/apps/dota2/images/abilities/shadow_shaman_voodoo_hp1.png?v=3484791
Shadow Shaman,Shackles,http://cdn.dota2.com/apps/dota2/images/abilities/shadow_shaman_shackles_hp1.png?v=3484791
Tinker,Laser,http://cdn.dota2.com/apps/dota2/images/abilities/tinker_laser_hp1.png?v=3484791
Tinker,Heat-Seeking Missile,http://cdn.dota2.com/apps/dota2/images/abilities/tinker_heat_seeking_missile_hp1.png?v=3484791
Tinker,March of the Machines,http://cdn.dota2.com/apps/dota2/images/abilities/tinker_march_of_the_machines_hp1.png?v=3484791
Nature's Prophet,Sprout,http://cdn.dota2.com/apps/dota2/images/abilities/furion_sprout_hp1.png?v=3484791
Nature's Prophet,Teleportation,http://cdn.dota2.com/apps/dota2/images/abilities/furion_teleportation_hp1.png?v=3484791
Nature's Prophet,Nature's Call,http://cdn.dota2.com/apps/dota2/images/abilities/furion_force_of_nature_hp1.png?v=3484791
Enchantress,Untouchable,http://cdn.dota2.com/apps/dota2/images/abilities/enchantress_untouchable_hp1.png?v=3484791
Enchantress,Enchant,http://cdn.dota2.com/apps/dota2/images/abilities/enchantress_enchant_hp1.png?v=3484791
Enchantress,Nature's Attendants,http://cdn.dota2.com/apps/dota2/images/abilities/enchantress_natures_attendants_hp1.png?v=3484791
Jakiro,Dual Breath,http://cdn.dota2.com/apps/dota2/images/abilities/jakiro_dual_breath_hp1.png?v=3484791
Jakiro,Ice Path,http://cdn.dota2.com/apps/dota2/images/abilities/jakiro_ice_path_hp1.png?v=3484791
Jakiro,Liquid Fire,http://cdn.dota2.com/apps/dota2/images/abilities/jakiro_liquid_fire_hp1.png?v=3484791
Chen,Penitence,http://cdn.dota2.com/apps/dota2/images/abilities/chen_penitence_hp1.png?v=3484791
Chen,Test of Faith,http://cdn.dota2.com/apps/dota2/images/abilities/chen_test_of_faith_hp1.png?v=3484791
Chen,Test of Faith,http://cdn.dota2.com/apps/dota2/images/abilities/chen_test_of_faith_teleport_hp1.png?v=3484791
Silencer,Arcane Curse,http://cdn.dota2.com/apps/dota2/images/abilities/silencer_curse_of_the_silent_hp1.png?v=3484791
Silencer,Glaives of Wisdom,http://cdn.dota2.com/apps/dota2/images/abilities/silencer_glaives_of_wisdom_hp1.png?v=3484791
Silencer,Last Word,http://cdn.dota2.com/apps/dota2/images/abilities/silencer_last_word_hp1.png?v=3484791
Ogre Magi,Fireblast,http://cdn.dota2.com/apps/dota2/images/abilities/ogre_magi_fireblast_hp1.png?v=3484791
Ogre Magi,Ignite,http://cdn.dota2.com/apps/dota2/images/abilities/ogre_magi_ignite_hp1.png?v=3484791
Ogre Magi,Bloodlust,http://cdn.dota2.com/apps/dota2/images/abilities/ogre_magi_bloodlust_hp1.png?v=3484791
Rubick,Telekinesis,http://cdn.dota2.com/apps/dota2/images/abilities/rubick_telekinesis_hp1.png?v=3484791
Rubick,Telekinesis Land,http://cdn.dota2.com/apps/dota2/images/abilities/rubick_telekinesis_land_hp1.png?v=3484791
Rubick,Fade Bolt,http://cdn.dota2.com/apps/dota2/images/abilities/rubick_fade_bolt_hp1.png?v=3484791
Disruptor,Thunder Strike,http://cdn.dota2.com/apps/dota2/images/abilities/disruptor_thunder_strike_hp1.png?v=3484791
Disruptor,Glimpse,http://cdn.dota2.com/apps/dota2/images/abilities/disruptor_glimpse_hp1.png?v=3484791
Disruptor,Kinetic Field,http://cdn.dota2.com/apps/dota2/images/abilities/disruptor_kinetic_field_hp1.png?v=3484791
Keeper of the Light,Illuminate,http://cdn.dota2.com/apps/dota2/images/abilities/keeper_of_the_light_illuminate_hp1.png?v=3484791
Keeper of the Light,Mana Leak,http://cdn.dota2.com/apps/dota2/images/abilities/keeper_of_the_light_mana_leak_hp1.png?v=3484791
Keeper of the Light,Chakra Magic,http://cdn.dota2.com/apps/dota2/images/abilities/keeper_of_the_light_chakra_magic_hp1.png?v=3484791
Skywrath Mage,Arcane Bolt,http://cdn.dota2.com/apps/dota2/images/abilities/skywrath_mage_arcane_bolt_hp1.png?v=3484791
Skywrath Mage,Concussive Shot,http://cdn.dota2.com/apps/dota2/images/abilities/skywrath_mage_concussive_shot_hp1.png?v=3484791
Skywrath Mage,Ancient Seal,http://cdn.dota2.com/apps/dota2/images/abilities/skywrath_mage_ancient_seal_hp1.png?v=3484791
Oracle,Fortune's End,http://cdn.dota2.com/apps/dota2/images/abilities/oracle_fortunes_end_hp1.png?v=3484791
Oracle,Fate's Edict,http://cdn.dota2.com/apps/dota2/images/abilities/oracle_fates_edict_hp1.png?v=3484791
Oracle,Purifying Flames,http://cdn.dota2.com/apps/dota2/images/abilities/oracle_purifying_flames_hp1.png?v=3484791
Techies,Land Mines,http://cdn.dota2.com/apps/dota2/images/abilities/techies_land_mines_hp1.png?v=3484791
Techies,Stasis Trap,http://cdn.dota2.com/apps/dota2/images/abilities/techies_stasis_trap_hp1.png?v=3484791
Techies,"Suicide Squad, Attack!",http://cdn.dota2.com/apps/dota2/images/abilities/techies_suicide_hp1.png?v=3484791
Axe,Berserker's Call,http://cdn.dota2.com/apps/dota2/images/abilities/axe_berserkers_call_hp1.png?v=3484791
Axe,Battle Hunger,http://cdn.dota2.com/apps/dota2/images/abilities/axe_battle_hunger_hp1.png?v=3484791
Axe,Counter Helix,http://cdn.dota2.com/apps/dota2/images/abilities/axe_counter_helix_hp1.png?v=3484791
Pudge,Meat Hook,http://cdn.dota2.com/apps/dota2/images/abilities/pudge_meat_hook_hp1.png?v=3484791
Pudge,Rot,http://cdn.dota2.com/apps/dota2/images/abilities/pudge_rot_hp1.png?v=3484791
Pudge,Flesh Heap,http://cdn.dota2.com/apps/dota2/images/abilities/pudge_flesh_heap_hp1.png?v=3484791
Sand King,Burrowstrike,http://cdn.dota2.com/apps/dota2/images/abilities/sandking_burrowstrike_hp1.png?v=3484791
Sand King,Sand Storm,http://cdn.dota2.com/apps/dota2/images/abilities/sandking_sand_storm_hp1.png?v=3484791
Sand King,Caustic Finale,http://cdn.dota2.com/apps/dota2/images/abilities/sandking_caustic_finale_hp1.png?v=3484791
Slardar,Sprint,http://cdn.dota2.com/apps/dota2/images/abilities/slardar_sprint_hp1.png?v=3484791
Slardar,Slithereen Crush,http://cdn.dota2.com/apps/dota2/images/abilities/slardar_slithereen_crush_hp1.png?v=3484791
Slardar,Bash,http://cdn.dota2.com/apps/dota2/images/abilities/slardar_bash_hp1.png?v=3484791
Tidehunter,Gush,http://cdn.dota2.com/apps/dota2/images/abilities/tidehunter_gush_hp1.png?v=3484791
Tidehunter,Kraken Shell,http://cdn.dota2.com/apps/dota2/images/abilities/tidehunter_kraken_shell_hp1.png?v=3484791
Tidehunter,Anchor Smash,http://cdn.dota2.com/apps/dota2/images/abilities/tidehunter_anchor_smash_hp1.png?v=3484791
Wraith King,Wraithfire Blast,http://cdn.dota2.com/apps/dota2/images/abilities/skeleton_king_hellfire_blast_hp1.png?v=3484791
Wraith King,Vampiric Aura,http://cdn.dota2.com/apps/dota2/images/abilities/skeleton_king_vampiric_aura_hp1.png?v=3484791
Wraith King,Mortal Strike,http://cdn.dota2.com/apps/dota2/images/abilities/skeleton_king_mortal_strike_hp1.png?v=3484791
Lifestealer,Rage,http://cdn.dota2.com/apps/dota2/images/abilities/life_stealer_rage_hp1.png?v=3484791
Lifestealer,Feast,http://cdn.dota2.com/apps/dota2/images/abilities/life_stealer_feast_hp1.png?v=3484791
Lifestealer,Open Wounds,http://cdn.dota2.com/apps/dota2/images/abilities/life_stealer_open_wounds_hp1.png?v=3484791
Night Stalker,Void,http://cdn.dota2.com/apps/dota2/images/abilities/night_stalker_void_hp1.png?v=3484791
Night Stalker,Crippling Fear,http://cdn.dota2.com/apps/dota2/images/abilities/night_stalker_crippling_fear_hp1.png?v=3484791
Night Stalker,Hunter in the Night,http://cdn.dota2.com/apps/dota2/images/abilities/night_stalker_hunter_in_the_night_hp1.png?v=3484791
Doom,Devour,http://cdn.dota2.com/apps/dota2/images/abilities/doom_bringer_devour_hp1.png?v=3484791
Doom,Scorched Earth,http://cdn.dota2.com/apps/dota2/images/abilities/doom_bringer_scorched_earth_hp1.png?v=3484791
Doom,Infernal Blade,http://cdn.dota2.com/apps/dota2/images/abilities/doom_bringer_infernal_blade_hp1.png?v=3484791
Spirit Breaker,Charge of Darkness,http://cdn.dota2.com/apps/dota2/images/abilities/spirit_breaker_charge_of_darkness_hp1.png?v=3484791
Spirit Breaker,Empowering Haste,http://cdn.dota2.com/apps/dota2/images/abilities/spirit_breaker_empowering_haste_hp1.png?v=3484791
Spirit Breaker,Greater Bash,http://cdn.dota2.com/apps/dota2/images/abilities/spirit_breaker_greater_bash_hp1.png?v=3484791
Lycan,Summon Wolves,http://cdn.dota2.com/apps/dota2/images/abilities/lycan_summon_wolves_hp1.png?v=3484791
Lycan,Howl,http://cdn.dota2.com/apps/dota2/images/abilities/lycan_howl_hp1.png?v=3484791
Lycan,Feral Impulse,http://cdn.dota2.com/apps/dota2/images/abilities/lycan_feral_impulse_hp1.png?v=3484791
Chaos Knight,Chaos Bolt,http://cdn.dota2.com/apps/dota2/images/abilities/chaos_knight_chaos_bolt_hp1.png?v=3484791
Chaos Knight,Reality Rift,http://cdn.dota2.com/apps/dota2/images/abilities/chaos_knight_reality_rift_hp1.png?v=3484791
Chaos Knight,Chaos Strike,http://cdn.dota2.com/apps/dota2/images/abilities/chaos_knight_chaos_strike_hp1.png?v=3484791
Undying,Decay,http://cdn.dota2.com/apps/dota2/images/abilities/undying_decay_hp1.png?v=3484791
Undying,Soul Rip,http://cdn.dota2.com/apps/dota2/images/abilities/undying_soul_rip_hp1.png?v=3484791
Undying,Tombstone,http://cdn.dota2.com/apps/dota2/images/abilities/undying_tombstone_hp1.png?v=3484791
Magnus,Shockwave,http://cdn.dota2.com/apps/dota2/images/abilities/magnataur_shockwave_hp1.png?v=3484791
Magnus,Empower,http://cdn.dota2.com/apps/dota2/images/abilities/magnataur_empower_hp1.png?v=3484791
Magnus,Skewer,http://cdn.dota2.com/apps/dota2/images/abilities/magnataur_skewer_hp1.png?v=3484791
Abaddon,Mist Coil,http://cdn.dota2.com/apps/dota2/images/abilities/abaddon_death_coil_hp1.png?v=3484791
Abaddon,Aphotic Shield,http://cdn.dota2.com/apps/dota2/images/abilities/abaddon_aphotic_shield_hp1.png?v=3484791
Abaddon,Curse of Avernus,http://cdn.dota2.com/apps/dota2/images/abilities/abaddon_frostmourne_hp1.png?v=3484791
Bloodseeker,Bloodrage,http://cdn.dota2.com/apps/dota2/images/abilities/bloodseeker_bloodrage_hp1.png?v=3484791
Bloodseeker,Blood Rite,http://cdn.dota2.com/apps/dota2/images/abilities/bloodseeker_blood_bath_hp1.png?v=3484791
Bloodseeker,Thirst,http://cdn.dota2.com/apps/dota2/images/abilities/bloodseeker_thirst_hp1.png?v=3484791
Shadow Fiend,Shadowraze,http://cdn.dota2.com/apps/dota2/images/abilities/nevermore_shadowraze1_hp1.png?v=3484791
Shadow Fiend,Necromastery,http://cdn.dota2.com/apps/dota2/images/abilities/nevermore_necromastery_hp1.png?v=3484791
Shadow Fiend,Presence of the Dark Lord,http://cdn.dota2.com/apps/dota2/images/abilities/nevermore_dark_lord_hp1.png?v=3484791
Razor,Plasma Field,http://cdn.dota2.com/apps/dota2/images/abilities/razor_plasma_field_hp1.png?v=3484791
Razor,Static Link,http://cdn.dota2.com/apps/dota2/images/abilities/razor_static_link_hp1.png?v=3484791
Razor,Unstable Current,http://cdn.dota2.com/apps/dota2/images/abilities/razor_unstable_current_hp1.png?v=3484791
Venomancer,Venomous Gale,http://cdn.dota2.com/apps/dota2/images/abilities/venomancer_venomous_gale_hp1.png?v=3484791
Venomancer,Poison Sting,http://cdn.dota2.com/apps/dota2/images/abilities/venomancer_poison_sting_hp1.png?v=3484791
Venomancer,Plague Ward,http://cdn.dota2.com/apps/dota2/images/abilities/venomancer_plague_ward_hp1.png?v=3484791
Faceless Void,Time Walk,http://cdn.dota2.com/apps/dota2/images/abilities/faceless_void_time_walk_hp1.png?v=3484791
Faceless Void,Time Dilation,http://cdn.dota2.com/apps/dota2/images/abilities/faceless_void_time_dilation_hp1.png?v=3484791
Faceless Void,Time Lock,http://cdn.dota2.com/apps/dota2/images/abilities/faceless_void_time_lock_hp1.png?v=3484791
Phantom Assassin,Stifling Dagger,http://cdn.dota2.com/apps/dota2/images/abilities/phantom_assassin_stifling_dagger_hp1.png?v=3484791
Phantom Assassin,Phantom Strike,http://cdn.dota2.com/apps/dota2/images/abilities/phantom_assassin_phantom_strike_hp1.png?v=3484791
Phantom Assassin,Blur,http://cdn.dota2.com/apps/dota2/images/abilities/phantom_assassin_blur_hp1.png?v=3484791
Viper,Poison Attack,http://cdn.dota2.com/apps/dota2/images/abilities/viper_poison_attack_hp1.png?v=3484791
Viper,Nethertoxin,http://cdn.dota2.com/apps/dota2/images/abilities/viper_nethertoxin_hp1.png?v=3484791
Viper,Corrosive Skin,http://cdn.dota2.com/apps/dota2/images/abilities/viper_corrosive_skin_hp1.png?v=3484791
Clinkz,Strafe,http://cdn.dota2.com/apps/dota2/images/abilities/clinkz_strafe_hp1.png?v=3484791
Clinkz,Searing Arrows,http://cdn.dota2.com/apps/dota2/images/abilities/clinkz_searing_arrows_hp1.png?v=3484791
Clinkz,Skeleton Walk,http://cdn.dota2.com/apps/dota2/images/abilities/clinkz_wind_walk_hp1.png?v=3484791
Broodmother,Spawn Spiderlings,http://cdn.dota2.com/apps/dota2/images/abilities/broodmother_spawn_spiderlings_hp1.png?v=3484791
Broodmother,Spin Web,http://cdn.dota2.com/apps/dota2/images/abilities/broodmother_spin_web_hp1.png?v=3484791
Broodmother,Incapacitating Bite,http://cdn.dota2.com/apps/dota2/images/abilities/broodmother_incapacitating_bite_hp1.png?v=3484791
Weaver,The Swarm,http://cdn.dota2.com/apps/dota2/images/abilities/weaver_the_swarm_hp1.png?v=3484791
Weaver,Shukuchi,http://cdn.dota2.com/apps/dota2/images/abilities/weaver_shukuchi_hp1.png?v=3484791
Weaver,Geminate Attack,http://cdn.dota2.com/apps/dota2/images/abilities/weaver_geminate_attack_hp1.png?v=3484791
Spectre,Spectral Dagger,http://cdn.dota2.com/apps/dota2/images/abilities/spectre_spectral_dagger_hp1.png?v=3484791
Spectre,Desolate,http://cdn.dota2.com/apps/dota2/images/abilities/spectre_desolate_hp1.png?v=3484791
Spectre,Dispersion,http://cdn.dota2.com/apps/dota2/images/abilities/spectre_dispersion_hp1.png?v=3484791
Meepo,Earthbind,http://cdn.dota2.com/apps/dota2/images/abilities/meepo_earthbind_hp1.png?v=3484791
Meepo,Poof,http://cdn.dota2.com/apps/dota2/images/abilities/meepo_poof_hp1.png?v=3484791
Meepo,Geostrike,http://cdn.dota2.com/apps/dota2/images/abilities/meepo_geostrike_hp1.png?v=3484791
Nyx Assassin,Impale,http://cdn.dota2.com/apps/dota2/images/abilities/nyx_assassin_impale_hp1.png?v=3484791
Nyx Assassin,Mana Burn,http://cdn.dota2.com/apps/dota2/images/abilities/nyx_assassin_mana_burn_hp1.png?v=3484791
Nyx Assassin,Spiked Carapace,http://cdn.dota2.com/apps/dota2/images/abilities/nyx_assassin_spiked_carapace_hp1.png?v=3484791
Slark,Dark Pact,http://cdn.dota2.com/apps/dota2/images/abilities/slark_dark_pact_hp1.png?v=3484791
Slark,Pounce,http://cdn.dota2.com/apps/dota2/images/abilities/slark_pounce_hp1.png?v=3484791
Slark,Essence Shift,http://cdn.dota2.com/apps/dota2/images/abilities/slark_essence_shift_hp1.png?v=3484791
Medusa,Split Shot,http://cdn.dota2.com/apps/dota2/images/abilities/medusa_split_shot_hp1.png?v=3484791
Medusa,Mystic Snake,http://cdn.dota2.com/apps/dota2/images/abilities/medusa_mystic_snake_hp1.png?v=3484791
Medusa,Mana Shield,http://cdn.dota2.com/apps/dota2/images/abilities/medusa_mana_shield_hp1.png?v=3484791
Terrorblade,Reflection,http://cdn.dota2.com/apps/dota2/images/abilities/terrorblade_reflection_hp1.png?v=3484791
Terrorblade,Conjure Image,http://cdn.dota2.com/apps/dota2/images/abilities/terrorblade_conjure_image_hp1.png?v=3484791
Terrorblade,Metamorphosis,http://cdn.dota2.com/apps/dota2/images/abilities/terrorblade_metamorphosis_hp1.png?v=3484791
Arc Warden,Flux,http://cdn.dota2.com/apps/dota2/images/abilities/arc_warden_flux_hp1.png?v=3484791
Arc Warden,Magnetic Field,http://cdn.dota2.com/apps/dota2/images/abilities/arc_warden_magnetic_field_hp1.png?v=3484791
Arc Warden,Spark Wraith,http://cdn.dota2.com/apps/dota2/images/abilities/arc_warden_spark_wraith_hp1.png?v=3484791
Bane,Enfeeble,http://cdn.dota2.com/apps/dota2/images/abilities/bane_enfeeble_hp1.png?v=3484791
Bane,Brain Sap,http://cdn.dota2.com/apps/dota2/images/abilities/bane_brain_sap_hp1.png?v=3484791
Bane,Nightmare,http://cdn.dota2.com/apps/dota2/images/abilities/bane_nightmare_hp1.png?v=3484791
Lich,Frost Blast,http://cdn.dota2.com/apps/dota2/images/abilities/lich_frost_nova_hp1.png?v=3484791
Lich,Ice Armor,http://cdn.dota2.com/apps/dota2/images/abilities/lich_frost_armor_hp1.png?v=3484791
Lich,Sacrifice,http://cdn.dota2.com/apps/dota2/images/abilities/lich_dark_ritual_hp1.png?v=3484791
Lion,Earth Spike,http://cdn.dota2.com/apps/dota2/images/abilities/lion_impale_hp1.png?v=3484791
Lion,Hex,http://cdn.dota2.com/apps/dota2/images/abilities/lion_voodoo_hp1.png?v=3484791
Lion,Mana Drain,http://cdn.dota2.com/apps/dota2/images/abilities/lion_mana_drain_hp1.png?v=3484791
Witch Doctor,Paralyzing Cask,http://cdn.dota2.com/apps/dota2/images/abilities/witch_doctor_paralyzing_cask_hp1.png?v=3484791
Witch Doctor,Voodoo Restoration,http://cdn.dota2.com/apps/dota2/images/abilities/witch_doctor_voodoo_restoration_hp1.png?v=3484791
Witch Doctor,Maledict,http://cdn.dota2.com/apps/dota2/images/abilities/witch_doctor_maledict_hp1.png?v=3484791
Enigma,Malefice,http://cdn.dota2.com/apps/dota2/images/abilities/enigma_malefice_hp1.png?v=3484791
Enigma,Demonic Conversion,http://cdn.dota2.com/apps/dota2/images/abilities/enigma_demonic_conversion_hp1.png?v=3484791
Enigma,Midnight Pulse,http://cdn.dota2.com/apps/dota2/images/abilities/enigma_midnight_pulse_hp1.png?v=3484791
Necrophos,Death Pulse,http://cdn.dota2.com/apps/dota2/images/abilities/necrolyte_death_pulse_hp1.png?v=3484791
Necrophos,Heartstopper Aura,http://cdn.dota2.com/apps/dota2/images/abilities/necrolyte_heartstopper_aura_hp1.png?v=3484791
Necrophos,Sadist,http://cdn.dota2.com/apps/dota2/images/abilities/necrolyte_sadist_hp1.png?v=3484791
Warlock,Fatal Bonds,http://cdn.dota2.com/apps/dota2/images/abilities/warlock_fatal_bonds_hp1.png?v=3484791
Warlock,Shadow Word,http://cdn.dota2.com/apps/dota2/images/abilities/warlock_shadow_word_hp1.png?v=3484791
Warlock,Upheaval,http://cdn.dota2.com/apps/dota2/images/abilities/warlock_upheaval_hp1.png?v=3484791
Queen of Pain,Shadow Strike,http://cdn.dota2.com/apps/dota2/images/abilities/queenofpain_shadow_strike_hp1.png?v=3484791
Queen of Pain,Blink,http://cdn.dota2.com/apps/dota2/images/abilities/queenofpain_blink_hp1.png?v=3484791
Queen of Pain,Scream Of Pain,http://cdn.dota2.com/apps/dota2/images/abilities/queenofpain_scream_of_pain_hp1.png?v=3484791
Death Prophet,Crypt Swarm,http://cdn.dota2.com/apps/dota2/images/abilities/death_prophet_carrion_swarm_hp1.png?v=3484791
Death Prophet,Silence,http://cdn.dota2.com/apps/dota2/images/abilities/death_prophet_silence_hp1.png?v=3484791
Death Prophet,Spirit Siphon,http://cdn.dota2.com/apps/dota2/images/abilities/death_prophet_spirit_siphon_hp1.png?v=3484791
Pugna,Nether Blast,http://cdn.dota2.com/apps/dota2/images/abilities/pugna_nether_blast_hp1.png?v=3484791
Pugna,Decrepify,http://cdn.dota2.com/apps/dota2/images/abilities/pugna_decrepify_hp1.png?v=3484791
Pugna,Nether Ward,http://cdn.dota2.com/apps/dota2/images/abilities/pugna_nether_ward_hp1.png?v=3484791
Dazzle,Poison Touch,http://cdn.dota2.com/apps/dota2/images/abilities/dazzle_poison_touch_hp1.png?v=3484791
Dazzle,Shallow Grave,http://cdn.dota2.com/apps/dota2/images/abilities/dazzle_shallow_grave_hp1.png?v=3484791
Dazzle,Shadow Wave,http://cdn.dota2.com/apps/dota2/images/abilities/dazzle_shadow_wave_hp1.png?v=3484791
Leshrac,Split Earth,http://cdn.dota2.com/apps/dota2/images/abilities/leshrac_split_earth_hp1.png?v=3484791
Leshrac,Diabolic Edict,http://cdn.dota2.com/apps/dota2/images/abilities/leshrac_diabolic_edict_hp1.png?v=3484791
Leshrac,Lightning Storm,http://cdn.dota2.com/apps/dota2/images/abilities/leshrac_lightning_storm_hp1.png?v=3484791
Dark Seer,Vacuum,http://cdn.dota2.com/apps/dota2/images/abilities/dark_seer_vacuum_hp1.png?v=3484791
Dark Seer,Ion Shell,http://cdn.dota2.com/apps/dota2/images/abilities/dark_seer_ion_shell_hp1.png?v=3484791
Dark Seer,Surge,http://cdn.dota2.com/apps/dota2/images/abilities/dark_seer_surge_hp1.png?v=3484791
Batrider,Sticky Napalm,http://cdn.dota2.com/apps/dota2/images/abilities/batrider_sticky_napalm_hp1.png?v=3484791
Batrider,Flamebreak,http://cdn.dota2.com/apps/dota2/images/abilities/batrider_flamebreak_hp1.png?v=3484791
Batrider,Firefly,http://cdn.dota2.com/apps/dota2/images/abilities/batrider_firefly_hp1.png?v=3484791
Ancient Apparition,Cold Feet,http://cdn.dota2.com/apps/dota2/images/abilities/ancient_apparition_cold_feet_hp1.png?v=3484791
Ancient Apparition,Ice Vortex,http://cdn.dota2.com/apps/dota2/images/abilities/ancient_apparition_ice_vortex_hp1.png?v=3484791
Ancient Apparition,Chilling Touch,http://cdn.dota2.com/apps/dota2/images/abilities/ancient_apparition_chilling_touch_hp1.png?v=3484791
Invoker,Quas,http://cdn.dota2.com/apps/dota2/images/abilities/invoker_quas_hp1.png?v=3484791
Invoker,Wex,http://cdn.dota2.com/apps/dota2/images/abilities/invoker_wex_hp1.png?v=3484791
Invoker,Exort,http://cdn.dota2.com/apps/dota2/images/abilities/invoker_exort_hp1.png?v=3484791
Outworld Devourer,Arcane Orb,http://cdn.dota2.com/apps/dota2/images/abilities/obsidian_destroyer_arcane_orb_hp1.png?v=3484791
Outworld Devourer,Astral Imprisonment,http://cdn.dota2.com/apps/dota2/images/abilities/obsidian_destroyer_astral_imprisonment_hp1.png?v=3484791
Outworld Devourer,Essence Aura,http://cdn.dota2.com/apps/dota2/images/abilities/obsidian_destroyer_essence_aura_hp1.png?v=3484791
Shadow Demon,Disruption,http://cdn.dota2.com/apps/dota2/images/abilities/shadow_demon_disruption_hp1.png?v=3484791
Shadow Demon,Soul Catcher,http://cdn.dota2.com/apps/dota2/images/abilities/shadow_demon_soul_catcher_hp1.png?v=3484791
Shadow Demon,Shadow Poison,http://cdn.dota2.com/apps/dota2/images/abilities/shadow_demon_shadow_poison_hp1.png?v=3484791
Visage,Grave Chill,http://cdn.dota2.com/apps/dota2/images/abilities/visage_grave_chill_hp1.png?v=3484791
Visage,Soul Assumption,http://cdn.dota2.com/apps/dota2/images/abilities/visage_soul_assumption_hp1.png?v=3484791
Visage,Gravekeeper's Cloak,http://cdn.dota2.com/apps/dota2/images/abilities/visage_gravekeepers_cloak_hp1.png?v=3484791
Winter Wyvern,Arctic Burn,http://cdn.dota2.com/apps/dota2/images/abilities/winter_wyvern_arctic_burn_hp1.png?v=3484791
Winter Wyvern,Splinter Blast,http://cdn.dota2.com/apps/dota2/images/abilities/winter_wyvern_splinter_blast_hp1.png?v=3484791
Winter Wyvern,Cold Embrace,http://cdn.dota2.com/apps/dota2/images/abilities/winter_wyvern_cold_embrace_hp1.png?v=3484791
