,id,localized_name,name,url_full_portrait,url_large_portrait,url_small_portrait,url_vertical_portrait,Q_name,W_name,E_name,Q_url,W_url,E_url
1,102,Abaddon,npc_dota_hero_abaddon,http://cdn.dota2.com/apps/dota2/images/heroes/abaddon_full.png,http://cdn.dota2.com/apps/dota2/images/heroes/abaddon_lg.png,http://cdn.dota2.com/apps/dota2/images/heroes/abaddon_sb.png,http://cdn.dota2.com/apps/dota2/images/heroes/abaddon_vert.jpg,Mist Coil,Aphotic Shield,Curse of Avernus,http://cdn.dota2.com/apps/dota2/images/abilities/abaddon_death_coil_hp1.png?v=3484791,http://cdn.dota2.com/apps/dota2/images/abilities/abaddon_aphotic_shield_hp1.png?v=3484791,http://cdn.dota2.com/apps/dota2/images/abilities/abaddon_frostmourne_hp1.png?v=3484791
1,73,Alchemist,npc_dota_hero_alchemist,http://cdn.dota2.com/apps/dota2/images/heroes/alchemist_full.png,http://cdn.dota2.com/apps/dota2/images/heroes/alchemist_lg.png,http://cdn.dota2.com/apps/dota2/images/heroes/alchemist_sb.png,http://cdn.dota2.com/apps/dota2/images/heroes/alchemist_vert.jpg,Acid Spray,Unstable Concoction,Greevil's Greed,http://cdn.dota2.com/apps/dota2/images/abilities/alchemist_acid_spray_hp1.png?v=3484791,http://cdn.dota2.com/apps/dota2/images/abilities/alchemist_unstable_concoction_hp1.png?v=3484791,http://cdn.dota2.com/apps/dota2/images/abilities/alchemist_goblins_greed_hp1.png?v=3484791
1,68,Ancient Apparition,npc_dota_hero_ancient_apparition,http://cdn.dota2.com/apps/dota2/images/heroes/ancient_apparition_full.png,http://cdn.dota2.com/apps/dota2/images/heroes/ancient_apparition_lg.png,http://cdn.dota2.com/apps/dota2/images/heroes/ancient_apparition_sb.png,http://cdn.dota2.com/apps/dota2/images/heroes/ancient_apparition_vert.jpg,Cold Feet,Ice Vortex,Chilling Touch,http://cdn.dota2.com/apps/dota2/images/abilities/ancient_apparition_cold_feet_hp1.png?v=3484791,http://cdn.dota2.com/apps/dota2/images/abilities/ancient_apparition_ice_vortex_hp1.png?v=3484791,http://cdn.dota2.com/apps/dota2/images/abilities/ancient_apparition_chilling_touch_hp1.png?v=3484791
1,1,Anti-Mage,npc_dota_hero_antimage,http://cdn.dota2.com/apps/dota2/images/heroes/antimage_full.png,http://cdn.dota2.com/apps/dota2/images/heroes/antimage_lg.png,http://cdn.dota2.com/apps/dota2/images/heroes/antimage_sb.png,http://cdn.dota2.com/apps/dota2/images/heroes/antimage_vert.jpg,Mana Break,Blink,Spell Shield,http://cdn.dota2.com/apps/dota2/images/abilities/antimage_mana_break_hp1.png?v=3484791,http://cdn.dota2.com/apps/dota2/images/abilities/antimage_blink_hp1.png?v=3484791,http://cdn.dota2.com/apps/dota2/images/abilities/antimage_spell_shield_hp1.png?v=3484791
1,2,Axe,npc_dota_hero_axe,http://cdn.dota2.com/apps/dota2/images/heroes/axe_full.png,http://cdn.dota2.com/apps/dota2/images/heroes/axe_lg.png,http://cdn.dota2.com/apps/dota2/images/heroes/axe_sb.png,http://cdn.dota2.com/apps/dota2/images/heroes/axe_vert.jpg,Berserker's Call,Battle Hunger,Counter Helix,http://cdn.dota2.com/apps/dota2/images/abilities/axe_berserkers_call_hp1.png?v=3484791,http://cdn.dota2.com/apps/dota2/images/abilities/axe_battle_hunger_hp1.png?v=3484791,http://cdn.dota2.com/apps/dota2/images/abilities/axe_counter_helix_hp1.png?v=3484791
1,3,Bane,npc_dota_hero_bane,http://cdn.dota2.com/apps/dota2/images/heroes/bane_full.png,http://cdn.dota2.com/apps/dota2/images/heroes/bane_lg.png,http://cdn.dota2.com/apps/dota2/images/heroes/bane_sb.png,http://cdn.dota2.com/apps/dota2/images/heroes/bane_vert.jpg,Enfeeble,Brain Sap,Nightmare,http://cdn.dota2.com/apps/dota2/images/abilities/bane_enfeeble_hp1.png?v=3484791,http://cdn.dota2.com/apps/dota2/images/abilities/bane_brain_sap_hp1.png?v=3484791,http://cdn.dota2.com/apps/dota2/images/abilities/bane_nightmare_hp1.png?v=3484791
1,65,Batrider,npc_dota_hero_batrider,http://cdn.dota2.com/apps/dota2/images/heroes/batrider_full.png,http://cdn.dota2.com/apps/dota2/images/heroes/batrider_lg.png,http://cdn.dota2.com/apps/dota2/images/heroes/batrider_sb.png,http://cdn.dota2.com/apps/dota2/images/heroes/batrider_vert.jpg,Sticky Napalm,Flamebreak,Firefly,http://cdn.dota2.com/apps/dota2/images/abilities/batrider_sticky_napalm_hp1.png?v=3484791,http://cdn.dota2.com/apps/dota2/images/abilities/batrider_flamebreak_hp1.png?v=3484791,http://cdn.dota2.com/apps/dota2/images/abilities/batrider_firefly_hp1.png?v=3484791
1,38,Beastmaster,npc_dota_hero_beastmaster,http://cdn.dota2.com/apps/dota2/images/heroes/beastmaster_full.png,http://cdn.dota2.com/apps/dota2/images/heroes/beastmaster_lg.png,http://cdn.dota2.com/apps/dota2/images/heroes/beastmaster_sb.png,http://cdn.dota2.com/apps/dota2/images/heroes/beastmaster_vert.jpg,Wild Axes,Call of the Wild: Hawk,Call of the Wild: Boar,http://cdn.dota2.com/apps/dota2/images/abilities/beastmaster_wild_axes_hp1.png?v=3484791,http://cdn.dota2.com/apps/dota2/images/abilities/beastmaster_call_of_the_wild_hp1.png?v=3484791,http://cdn.dota2.com/apps/dota2/images/abilities/beastmaster_call_of_the_wild_boar_hp1.png?v=3484791
1,4,Bloodseeker,npc_dota_hero_bloodseeker,http://cdn.dota2.com/apps/dota2/images/heroes/bloodseeker_full.png,http://cdn.dota2.com/apps/dota2/images/heroes/bloodseeker_lg.png,http://cdn.dota2.com/apps/dota2/images/heroes/bloodseeker_sb.png,http://cdn.dota2.com/apps/dota2/images/heroes/bloodseeker_vert.jpg,Bloodrage,Blood Rite,Thirst,http://cdn.dota2.com/apps/dota2/images/abilities/bloodseeker_bloodrage_hp1.png?v=3484791,http://cdn.dota2.com/apps/dota2/images/abilities/bloodseeker_blood_bath_hp1.png?v=3484791,http://cdn.dota2.com/apps/dota2/images/abilities/bloodseeker_thirst_hp1.png?v=3484791
1,62,Bounty Hunter,npc_dota_hero_bounty_hunter,http://cdn.dota2.com/apps/dota2/images/heroes/bounty_hunter_full.png,http://cdn.dota2.com/apps/dota2/images/heroes/bounty_hunter_lg.png,http://cdn.dota2.com/apps/dota2/images/heroes/bounty_hunter_sb.png,http://cdn.dota2.com/apps/dota2/images/heroes/bounty_hunter_vert.jpg,Shuriken Toss,Jinada,Shadow Walk,http://cdn.dota2.com/apps/dota2/images/abilities/bounty_hunter_shuriken_toss_hp1.png?v=3484791,http://cdn.dota2.com/apps/dota2/images/abilities/bounty_hunter_jinada_hp1.png?v=3484791,http://cdn.dota2.com/apps/dota2/images/abilities/bounty_hunter_wind_walk_hp1.png?v=3484791
1,78,Brewmaster,npc_dota_hero_brewmaster,http://cdn.dota2.com/apps/dota2/images/heroes/brewmaster_full.png,http://cdn.dota2.com/apps/dota2/images/heroes/brewmaster_lg.png,http://cdn.dota2.com/apps/dota2/images/heroes/brewmaster_sb.png,http://cdn.dota2.com/apps/dota2/images/heroes/brewmaster_vert.jpg,Thunder Clap,Drunken Haze,Drunken Brawler,http://cdn.dota2.com/apps/dota2/images/abilities/brewmaster_thunder_clap_hp1.png?v=3484791,http://cdn.dota2.com/apps/dota2/images/abilities/brewmaster_drunken_haze_hp1.png?v=3484791,http://cdn.dota2.com/apps/dota2/images/abilities/brewmaster_drunken_brawler_hp1.png?v=3484791
1,99,Bristleback,npc_dota_hero_bristleback,http://cdn.dota2.com/apps/dota2/images/heroes/bristleback_full.png,http://cdn.dota2.com/apps/dota2/images/heroes/bristleback_lg.png,http://cdn.dota2.com/apps/dota2/images/heroes/bristleback_sb.png,http://cdn.dota2.com/apps/dota2/images/heroes/bristleback_vert.jpg,Viscous Nasal Goo,Quill Spray,Bristleback,http://cdn.dota2.com/apps/dota2/images/abilities/bristleback_viscous_nasal_goo_hp1.png?v=3484791,http://cdn.dota2.com/apps/dota2/images/abilities/bristleback_quill_spray_hp1.png?v=3484791,http://cdn.dota2.com/apps/dota2/images/abilities/bristleback_bristleback_hp1.png?v=3484791
1,61,Broodmother,npc_dota_hero_broodmother,http://cdn.dota2.com/apps/dota2/images/heroes/broodmother_full.png,http://cdn.dota2.com/apps/dota2/images/heroes/broodmother_lg.png,http://cdn.dota2.com/apps/dota2/images/heroes/broodmother_sb.png,http://cdn.dota2.com/apps/dota2/images/heroes/broodmother_vert.jpg,Spawn Spiderlings,Spin Web,Incapacitating Bite,http://cdn.dota2.com/apps/dota2/images/abilities/broodmother_spawn_spiderlings_hp1.png?v=3484791,http://cdn.dota2.com/apps/dota2/images/abilities/broodmother_spin_web_hp1.png?v=3484791,http://cdn.dota2.com/apps/dota2/images/abilities/broodmother_incapacitating_bite_hp1.png?v=3484791
1,96,Centaur Warrunner,npc_dota_hero_centaur,http://cdn.dota2.com/apps/dota2/images/heroes/centaur_full.png,http://cdn.dota2.com/apps/dota2/images/heroes/centaur_lg.png,http://cdn.dota2.com/apps/dota2/images/heroes/centaur_sb.png,http://cdn.dota2.com/apps/dota2/images/heroes/centaur_vert.jpg,Hoof Stomp,Double Edge,Return,http://cdn.dota2.com/apps/dota2/images/abilities/centaur_hoof_stomp_hp1.png?v=3484791,http://cdn.dota2.com/apps/dota2/images/abilities/centaur_double_edge_hp1.png?v=3484791,http://cdn.dota2.com/apps/dota2/images/abilities/centaur_return_hp1.png?v=3484791
1,81,Chaos Knight,npc_dota_hero_chaos_knight,http://cdn.dota2.com/apps/dota2/images/heroes/chaos_knight_full.png,http://cdn.dota2.com/apps/dota2/images/heroes/chaos_knight_lg.png,http://cdn.dota2.com/apps/dota2/images/heroes/chaos_knight_sb.png,http://cdn.dota2.com/apps/dota2/images/heroes/chaos_knight_vert.jpg,Chaos Bolt,Reality Rift,Chaos Strike,http://cdn.dota2.com/apps/dota2/images/abilities/chaos_knight_chaos_bolt_hp1.png?v=3484791,http://cdn.dota2.com/apps/dota2/images/abilities/chaos_knight_reality_rift_hp1.png?v=3484791,http://cdn.dota2.com/apps/dota2/images/abilities/chaos_knight_chaos_strike_hp1.png?v=3484791
1,66,Chen,npc_dota_hero_chen,http://cdn.dota2.com/apps/dota2/images/heroes/chen_full.png,http://cdn.dota2.com/apps/dota2/images/heroes/chen_lg.png,http://cdn.dota2.com/apps/dota2/images/heroes/chen_sb.png,http://cdn.dota2.com/apps/dota2/images/heroes/chen_vert.jpg,Penitence,Test of Faith,Test of Faith,http://cdn.dota2.com/apps/dota2/images/abilities/chen_penitence_hp1.png?v=3484791,http://cdn.dota2.com/apps/dota2/images/abilities/chen_test_of_faith_hp1.png?v=3484791,http://cdn.dota2.com/apps/dota2/images/abilities/chen_test_of_faith_teleport_hp1.png?v=3484791
1,56,Clinkz,npc_dota_hero_clinkz,http://cdn.dota2.com/apps/dota2/images/heroes/clinkz_full.png,http://cdn.dota2.com/apps/dota2/images/heroes/clinkz_lg.png,http://cdn.dota2.com/apps/dota2/images/heroes/clinkz_sb.png,http://cdn.dota2.com/apps/dota2/images/heroes/clinkz_vert.jpg,Strafe,Searing Arrows,Skeleton Walk,http://cdn.dota2.com/apps/dota2/images/abilities/clinkz_strafe_hp1.png?v=3484791,http://cdn.dota2.com/apps/dota2/images/abilities/clinkz_searing_arrows_hp1.png?v=3484791,http://cdn.dota2.com/apps/dota2/images/abilities/clinkz_wind_walk_hp1.png?v=3484791
1,51,Clockwerk,npc_dota_hero_rattletrap,http://cdn.dota2.com/apps/dota2/images/heroes/rattletrap_full.png,http://cdn.dota2.com/apps/dota2/images/heroes/rattletrap_lg.png,http://cdn.dota2.com/apps/dota2/images/heroes/rattletrap_sb.png,http://cdn.dota2.com/apps/dota2/images/heroes/rattletrap_vert.jpg,Battery Assault,Power Cogs,Rocket Flare,http://cdn.dota2.com/apps/dota2/images/abilities/rattletrap_battery_assault_hp1.png?v=3484791,http://cdn.dota2.com/apps/dota2/images/abilities/rattletrap_power_cogs_hp1.png?v=3484791,http://cdn.dota2.com/apps/dota2/images/abilities/rattletrap_rocket_flare_hp1.png?v=3484791
1,5,Crystal Maiden,npc_dota_hero_crystal_maiden,http://cdn.dota2.com/apps/dota2/images/heroes/crystal_maiden_full.png,http://cdn.dota2.com/apps/dota2/images/heroes/crystal_maiden_lg.png,http://cdn.dota2.com/apps/dota2/images/heroes/crystal_maiden_sb.png,http://cdn.dota2.com/apps/dota2/images/heroes/crystal_maiden_vert.jpg,Crystal Nova,Frostbite,Arcane Aura,http://cdn.dota2.com/apps/dota2/images/abilities/crystal_maiden_crystal_nova_hp1.png?v=3484791,http://cdn.dota2.com/apps/dota2/images/abilities/crystal_maiden_frostbite_hp1.png?v=3484791,http://cdn.dota2.com/apps/dota2/images/abilities/crystal_maiden_brilliance_aura_hp1.png?v=3484791
1,55,Dark Seer,npc_dota_hero_dark_seer,http://cdn.dota2.com/apps/dota2/images/heroes/dark_seer_full.png,http://cdn.dota2.com/apps/dota2/images/heroes/dark_seer_lg.png,http://cdn.dota2.com/apps/dota2/images/heroes/dark_seer_sb.png,http://cdn.dota2.com/apps/dota2/images/heroes/dark_seer_vert.jpg,Vacuum,Ion Shell,Surge,http://cdn.dota2.com/apps/dota2/images/abilities/dark_seer_vacuum_hp1.png?v=3484791,http://cdn.dota2.com/apps/dota2/images/abilities/dark_seer_ion_shell_hp1.png?v=3484791,http://cdn.dota2.com/apps/dota2/images/abilities/dark_seer_surge_hp1.png?v=3484791
1,50,Dazzle,npc_dota_hero_dazzle,http://cdn.dota2.com/apps/dota2/images/heroes/dazzle_full.png,http://cdn.dota2.com/apps/dota2/images/heroes/dazzle_lg.png,http://cdn.dota2.com/apps/dota2/images/heroes/dazzle_sb.png,http://cdn.dota2.com/apps/dota2/images/heroes/dazzle_vert.jpg,Poison Touch,Shallow Grave,Shadow Wave,http://cdn.dota2.com/apps/dota2/images/abilities/dazzle_poison_touch_hp1.png?v=3484791,http://cdn.dota2.com/apps/dota2/images/abilities/dazzle_shallow_grave_hp1.png?v=3484791,http://cdn.dota2.com/apps/dota2/images/abilities/dazzle_shadow_wave_hp1.png?v=3484791
1,43,Death Prophet,npc_dota_hero_death_prophet,http://cdn.dota2.com/apps/dota2/images/heroes/death_prophet_full.png,http://cdn.dota2.com/apps/dota2/images/heroes/death_prophet_lg.png,http://cdn.dota2.com/apps/dota2/images/heroes/death_prophet_sb.png,http://cdn.dota2.com/apps/dota2/images/heroes/death_prophet_vert.jpg,Crypt Swarm,Silence,Spirit Siphon,http://cdn.dota2.com/apps/dota2/images/abilities/death_prophet_carrion_swarm_hp1.png?v=3484791,http://cdn.dota2.com/apps/dota2/images/abilities/death_prophet_silence_hp1.png?v=3484791,http://cdn.dota2.com/apps/dota2/images/abilities/death_prophet_spirit_siphon_hp1.png?v=3484791
1,87,Disruptor,npc_dota_hero_disruptor,http://cdn.dota2.com/apps/dota2/images/heroes/disruptor_full.png,http://cdn.dota2.com/apps/dota2/images/heroes/disruptor_lg.png,http://cdn.dota2.com/apps/dota2/images/heroes/disruptor_sb.png,http://cdn.dota2.com/apps/dota2/images/heroes/disruptor_vert.jpg,Thunder Strike,Glimpse,Kinetic Field,http://cdn.dota2.com/apps/dota2/images/abilities/disruptor_thunder_strike_hp1.png?v=3484791,http://cdn.dota2.com/apps/dota2/images/abilities/disruptor_glimpse_hp1.png?v=3484791,http://cdn.dota2.com/apps/dota2/images/abilities/disruptor_kinetic_field_hp1.png?v=3484791
1,69,Doom,npc_dota_hero_doom_bringer,http://cdn.dota2.com/apps/dota2/images/heroes/doom_bringer_full.png,http://cdn.dota2.com/apps/dota2/images/heroes/doom_bringer_lg.png,http://cdn.dota2.com/apps/dota2/images/heroes/doom_bringer_sb.png,http://cdn.dota2.com/apps/dota2/images/heroes/doom_bringer_vert.jpg,Devour,Scorched Earth,Infernal Blade,http://cdn.dota2.com/apps/dota2/images/abilities/doom_bringer_devour_hp1.png?v=3484791,http://cdn.dota2.com/apps/dota2/images/abilities/doom_bringer_scorched_earth_hp1.png?v=3484791,http://cdn.dota2.com/apps/dota2/images/abilities/doom_bringer_infernal_blade_hp1.png?v=3484791
1,49,Dragon Knight,npc_dota_hero_dragon_knight,http://cdn.dota2.com/apps/dota2/images/heroes/dragon_knight_full.png,http://cdn.dota2.com/apps/dota2/images/heroes/dragon_knight_lg.png,http://cdn.dota2.com/apps/dota2/images/heroes/dragon_knight_sb.png,http://cdn.dota2.com/apps/dota2/images/heroes/dragon_knight_vert.jpg,Breathe Fire,Dragon Tail,Dragon Blood,http://cdn.dota2.com/apps/dota2/images/abilities/dragon_knight_breathe_fire_hp1.png?v=3484791,http://cdn.dota2.com/apps/dota2/images/abilities/dragon_knight_dragon_tail_hp1.png?v=3484791,http://cdn.dota2.com/apps/dota2/images/abilities/dragon_knight_dragon_blood_hp1.png?v=3484791
1,6,Drow Ranger,npc_dota_hero_drow_ranger,http://cdn.dota2.com/apps/dota2/images/heroes/drow_ranger_full.png,http://cdn.dota2.com/apps/dota2/images/heroes/drow_ranger_lg.png,http://cdn.dota2.com/apps/dota2/images/heroes/drow_ranger_sb.png,http://cdn.dota2.com/apps/dota2/images/heroes/drow_ranger_vert.jpg,Frost Arrows,Gust,Precision Aura,http://cdn.dota2.com/apps/dota2/images/abilities/drow_ranger_frost_arrows_hp1.png?v=3484791,http://cdn.dota2.com/apps/dota2/images/abilities/drow_ranger_wave_of_silence_hp1.png?v=3484791,http://cdn.dota2.com/apps/dota2/images/abilities/drow_ranger_trueshot_hp1.png?v=3484791
1,107,Earth Spirit,npc_dota_hero_earth_spirit,http://cdn.dota2.com/apps/dota2/images/heroes/earth_spirit_full.png,http://cdn.dota2.com/apps/dota2/images/heroes/earth_spirit_lg.png,http://cdn.dota2.com/apps/dota2/images/heroes/earth_spirit_sb.png,http://cdn.dota2.com/apps/dota2/images/heroes/earth_spirit_vert.jpg,Boulder Smash,Rolling Boulder,Geomagnetic Grip,http://cdn.dota2.com/apps/dota2/images/abilities/earth_spirit_boulder_smash_hp1.png?v=3484791,http://cdn.dota2.com/apps/dota2/images/abilities/earth_spirit_rolling_boulder_hp1.png?v=3484791,http://cdn.dota2.com/apps/dota2/images/abilities/earth_spirit_geomagnetic_grip_hp1.png?v=3484791
1,7,Earthshaker,npc_dota_hero_earthshaker,http://cdn.dota2.com/apps/dota2/images/heroes/earthshaker_full.png,http://cdn.dota2.com/apps/dota2/images/heroes/earthshaker_lg.png,http://cdn.dota2.com/apps/dota2/images/heroes/earthshaker_sb.png,http://cdn.dota2.com/apps/dota2/images/heroes/earthshaker_vert.jpg,Fissure,Enchant Totem,Aftershock,http://cdn.dota2.com/apps/dota2/images/abilities/earthshaker_fissure_hp1.png?v=3484791,http://cdn.dota2.com/apps/dota2/images/abilities/earthshaker_enchant_totem_hp1.png?v=3484791,http://cdn.dota2.com/apps/dota2/images/abilities/earthshaker_aftershock_hp1.png?v=3484791
1,103,Elder Titan,npc_dota_hero_elder_titan,http://cdn.dota2.com/apps/dota2/images/heroes/elder_titan_full.png,http://cdn.dota2.com/apps/dota2/images/heroes/elder_titan_lg.png,http://cdn.dota2.com/apps/dota2/images/heroes/elder_titan_sb.png,http://cdn.dota2.com/apps/dota2/images/heroes/elder_titan_vert.jpg,Echo Stomp,Astral Spirit,Natural Order,http://cdn.dota2.com/apps/dota2/images/abilities/elder_titan_echo_stomp_hp1.png?v=3484791,http://cdn.dota2.com/apps/dota2/images/abilities/elder_titan_ancestral_spirit_hp1.png?v=3484791,http://cdn.dota2.com/apps/dota2/images/abilities/elder_titan_natural_order_hp1.png?v=3484791
1,106,Ember Spirit,npc_dota_hero_ember_spirit,http://cdn.dota2.com/apps/dota2/images/heroes/ember_spirit_full.png,http://cdn.dota2.com/apps/dota2/images/heroes/ember_spirit_lg.png,http://cdn.dota2.com/apps/dota2/images/heroes/ember_spirit_sb.png,http://cdn.dota2.com/apps/dota2/images/heroes/ember_spirit_vert.jpg,Searing Chains,Sleight of Fist,Flame Guard,http://cdn.dota2.com/apps/dota2/images/abilities/ember_spirit_searing_chains_hp1.png?v=3484791,http://cdn.dota2.com/apps/dota2/images/abilities/ember_spirit_sleight_of_fist_hp1.png?v=3484791,http://cdn.dota2.com/apps/dota2/images/abilities/ember_spirit_flame_guard_hp1.png?v=3484791
1,58,Enchantress,npc_dota_hero_enchantress,http://cdn.dota2.com/apps/dota2/images/heroes/enchantress_full.png,http://cdn.dota2.com/apps/dota2/images/heroes/enchantress_lg.png,http://cdn.dota2.com/apps/dota2/images/heroes/enchantress_sb.png,http://cdn.dota2.com/apps/dota2/images/heroes/enchantress_vert.jpg,Untouchable,Enchant,Nature's Attendants,http://cdn.dota2.com/apps/dota2/images/abilities/enchantress_untouchable_hp1.png?v=3484791,http://cdn.dota2.com/apps/dota2/images/abilities/enchantress_enchant_hp1.png?v=3484791,http://cdn.dota2.com/apps/dota2/images/abilities/enchantress_natures_attendants_hp1.png?v=3484791
1,33,Enigma,npc_dota_hero_enigma,http://cdn.dota2.com/apps/dota2/images/heroes/enigma_full.png,http://cdn.dota2.com/apps/dota2/images/heroes/enigma_lg.png,http://cdn.dota2.com/apps/dota2/images/heroes/enigma_sb.png,http://cdn.dota2.com/apps/dota2/images/heroes/enigma_vert.jpg,Malefice,Demonic Conversion,Midnight Pulse,http://cdn.dota2.com/apps/dota2/images/abilities/enigma_malefice_hp1.png?v=3484791,http://cdn.dota2.com/apps/dota2/images/abilities/enigma_demonic_conversion_hp1.png?v=3484791,http://cdn.dota2.com/apps/dota2/images/abilities/enigma_midnight_pulse_hp1.png?v=3484791
1,41,Faceless Void,npc_dota_hero_faceless_void,http://cdn.dota2.com/apps/dota2/images/heroes/faceless_void_full.png,http://cdn.dota2.com/apps/dota2/images/heroes/faceless_void_lg.png,http://cdn.dota2.com/apps/dota2/images/heroes/faceless_void_sb.png,http://cdn.dota2.com/apps/dota2/images/heroes/faceless_void_vert.jpg,Time Walk,Time Dilation,Time Lock,http://cdn.dota2.com/apps/dota2/images/abilities/faceless_void_time_walk_hp1.png?v=3484791,http://cdn.dota2.com/apps/dota2/images/abilities/faceless_void_time_dilation_hp1.png?v=3484791,http://cdn.dota2.com/apps/dota2/images/abilities/faceless_void_time_lock_hp1.png?v=3484791
1,72,Gyrocopter,npc_dota_hero_gyrocopter,http://cdn.dota2.com/apps/dota2/images/heroes/gyrocopter_full.png,http://cdn.dota2.com/apps/dota2/images/heroes/gyrocopter_lg.png,http://cdn.dota2.com/apps/dota2/images/heroes/gyrocopter_sb.png,http://cdn.dota2.com/apps/dota2/images/heroes/gyrocopter_vert.jpg,Rocket Barrage,Homing Missile,Flak Cannon,http://cdn.dota2.com/apps/dota2/images/abilities/gyrocopter_rocket_barrage_hp1.png?v=3484791,http://cdn.dota2.com/apps/dota2/images/abilities/gyrocopter_homing_missile_hp1.png?v=3484791,http://cdn.dota2.com/apps/dota2/images/abilities/gyrocopter_flak_cannon_hp1.png?v=3484791
1,59,Huskar,npc_dota_hero_huskar,http://cdn.dota2.com/apps/dota2/images/heroes/huskar_full.png,http://cdn.dota2.com/apps/dota2/images/heroes/huskar_lg.png,http://cdn.dota2.com/apps/dota2/images/heroes/huskar_sb.png,http://cdn.dota2.com/apps/dota2/images/heroes/huskar_vert.jpg,Inner Vitality,Burning Spear,Berserker's Blood,http://cdn.dota2.com/apps/dota2/images/abilities/huskar_inner_vitality_hp1.png?v=3484791,http://cdn.dota2.com/apps/dota2/images/abilities/huskar_burning_spear_hp1.png?v=3484791,http://cdn.dota2.com/apps/dota2/images/abilities/huskar_berserkers_blood_hp1.png?v=3484791
1,74,Invoker,npc_dota_hero_invoker,http://cdn.dota2.com/apps/dota2/images/heroes/invoker_full.png,http://cdn.dota2.com/apps/dota2/images/heroes/invoker_lg.png,http://cdn.dota2.com/apps/dota2/images/heroes/invoker_sb.png,http://cdn.dota2.com/apps/dota2/images/heroes/invoker_vert.jpg,Quas,Wex,Exort,http://cdn.dota2.com/apps/dota2/images/abilities/invoker_quas_hp1.png?v=3484791,http://cdn.dota2.com/apps/dota2/images/abilities/invoker_wex_hp1.png?v=3484791,http://cdn.dota2.com/apps/dota2/images/abilities/invoker_exort_hp1.png?v=3484791
1,91,Io,npc_dota_hero_wisp,http://cdn.dota2.com/apps/dota2/images/heroes/wisp_full.png,http://cdn.dota2.com/apps/dota2/images/heroes/wisp_lg.png,http://cdn.dota2.com/apps/dota2/images/heroes/wisp_sb.png,http://cdn.dota2.com/apps/dota2/images/heroes/wisp_vert.jpg,Tether,Break Tether,Spirits,http://cdn.dota2.com/apps/dota2/images/abilities/wisp_tether_hp1.png?v=3484791,http://cdn.dota2.com/apps/dota2/images/abilities/wisp_tether_break_hp1.png?v=3484791,http://cdn.dota2.com/apps/dota2/images/abilities/wisp_spirits_hp1.png?v=3484791
1,64,Jakiro,npc_dota_hero_jakiro,http://cdn.dota2.com/apps/dota2/images/heroes/jakiro_full.png,http://cdn.dota2.com/apps/dota2/images/heroes/jakiro_lg.png,http://cdn.dota2.com/apps/dota2/images/heroes/jakiro_sb.png,http://cdn.dota2.com/apps/dota2/images/heroes/jakiro_vert.jpg,Dual Breath,Ice Path,Liquid Fire,http://cdn.dota2.com/apps/dota2/images/abilities/jakiro_dual_breath_hp1.png?v=3484791,http://cdn.dota2.com/apps/dota2/images/abilities/jakiro_ice_path_hp1.png?v=3484791,http://cdn.dota2.com/apps/dota2/images/abilities/jakiro_liquid_fire_hp1.png?v=3484791
1,8,Juggernaut,npc_dota_hero_juggernaut,http://cdn.dota2.com/apps/dota2/images/heroes/juggernaut_full.png,http://cdn.dota2.com/apps/dota2/images/heroes/juggernaut_lg.png,http://cdn.dota2.com/apps/dota2/images/heroes/juggernaut_sb.png,http://cdn.dota2.com/apps/dota2/images/heroes/juggernaut_vert.jpg,Blade Fury,Healing Ward,Blade Dance,http://cdn.dota2.com/apps/dota2/images/abilities/juggernaut_blade_fury_hp1.png?v=3484791,http://cdn.dota2.com/apps/dota2/images/abilities/juggernaut_healing_ward_hp1.png?v=3484791,http://cdn.dota2.com/apps/dota2/images/abilities/juggernaut_blade_dance_hp1.png?v=3484791
1,90,Keeper of the Light,npc_dota_hero_keeper_of_the_light,http://cdn.dota2.com/apps/dota2/images/heroes/keeper_of_the_light_full.png,http://cdn.dota2.com/apps/dota2/images/heroes/keeper_of_the_light_lg.png,http://cdn.dota2.com/apps/dota2/images/heroes/keeper_of_the_light_sb.png,http://cdn.dota2.com/apps/dota2/images/heroes/keeper_of_the_light_vert.jpg,Illuminate,Mana Leak,Chakra Magic,http://cdn.dota2.com/apps/dota2/images/abilities/keeper_of_the_light_illuminate_hp1.png?v=3484791,http://cdn.dota2.com/apps/dota2/images/abilities/keeper_of_the_light_mana_leak_hp1.png?v=3484791,http://cdn.dota2.com/apps/dota2/images/abilities/keeper_of_the_light_chakra_magic_hp1.png?v=3484791
1,23,Kunkka,npc_dota_hero_kunkka,http://cdn.dota2.com/apps/dota2/images/heroes/kunkka_full.png,http://cdn.dota2.com/apps/dota2/images/heroes/kunkka_lg.png,http://cdn.dota2.com/apps/dota2/images/heroes/kunkka_sb.png,http://cdn.dota2.com/apps/dota2/images/heroes/kunkka_vert.jpg,Torrent,Tidebringer,X Marks the Spot,http://cdn.dota2.com/apps/dota2/images/abilities/kunkka_torrent_hp1.png?v=3484791,http://cdn.dota2.com/apps/dota2/images/abilities/kunkka_tidebringer_hp1.png?v=3484791,http://cdn.dota2.com/apps/dota2/images/abilities/kunkka_x_marks_the_spot_hp1.png?v=3484791
1,104,Legion Commander,npc_dota_hero_legion_commander,http://cdn.dota2.com/apps/dota2/images/heroes/legion_commander_full.png,http://cdn.dota2.com/apps/dota2/images/heroes/legion_commander_lg.png,http://cdn.dota2.com/apps/dota2/images/heroes/legion_commander_sb.png,http://cdn.dota2.com/apps/dota2/images/heroes/legion_commander_vert.jpg,Overwhelming Odds,Press The Attack,Moment of Courage,http://cdn.dota2.com/apps/dota2/images/abilities/legion_commander_overwhelming_odds_hp1.png?v=3484791,http://cdn.dota2.com/apps/dota2/images/abilities/legion_commander_press_the_attack_hp1.png?v=3484791,http://cdn.dota2.com/apps/dota2/images/abilities/legion_commander_moment_of_courage_hp1.png?v=3484791
1,52,Leshrac,npc_dota_hero_leshrac,http://cdn.dota2.com/apps/dota2/images/heroes/leshrac_full.png,http://cdn.dota2.com/apps/dota2/images/heroes/leshrac_lg.png,http://cdn.dota2.com/apps/dota2/images/heroes/leshrac_sb.png,http://cdn.dota2.com/apps/dota2/images/heroes/leshrac_vert.jpg,Split Earth,Diabolic Edict,Lightning Storm,http://cdn.dota2.com/apps/dota2/images/abilities/leshrac_split_earth_hp1.png?v=3484791,http://cdn.dota2.com/apps/dota2/images/abilities/leshrac_diabolic_edict_hp1.png?v=3484791,http://cdn.dota2.com/apps/dota2/images/abilities/leshrac_lightning_storm_hp1.png?v=3484791
1,31,Lich,npc_dota_hero_lich,http://cdn.dota2.com/apps/dota2/images/heroes/lich_full.png,http://cdn.dota2.com/apps/dota2/images/heroes/lich_lg.png,http://cdn.dota2.com/apps/dota2/images/heroes/lich_sb.png,http://cdn.dota2.com/apps/dota2/images/heroes/lich_vert.jpg,Frost Blast,Ice Armor,Sacrifice,http://cdn.dota2.com/apps/dota2/images/abilities/lich_frost_nova_hp1.png?v=3484791,http://cdn.dota2.com/apps/dota2/images/abilities/lich_frost_armor_hp1.png?v=3484791,http://cdn.dota2.com/apps/dota2/images/abilities/lich_dark_ritual_hp1.png?v=3484791
1,54,Lifestealer,npc_dota_hero_life_stealer,http://cdn.dota2.com/apps/dota2/images/heroes/life_stealer_full.png,http://cdn.dota2.com/apps/dota2/images/heroes/life_stealer_lg.png,http://cdn.dota2.com/apps/dota2/images/heroes/life_stealer_sb.png,http://cdn.dota2.com/apps/dota2/images/heroes/life_stealer_vert.jpg,Rage,Feast,Open Wounds,http://cdn.dota2.com/apps/dota2/images/abilities/life_stealer_rage_hp1.png?v=3484791,http://cdn.dota2.com/apps/dota2/images/abilities/life_stealer_feast_hp1.png?v=3484791,http://cdn.dota2.com/apps/dota2/images/abilities/life_stealer_open_wounds_hp1.png?v=3484791
1,25,Lina,npc_dota_hero_lina,http://cdn.dota2.com/apps/dota2/images/heroes/lina_full.png,http://cdn.dota2.com/apps/dota2/images/heroes/lina_lg.png,http://cdn.dota2.com/apps/dota2/images/heroes/lina_sb.png,http://cdn.dota2.com/apps/dota2/images/heroes/lina_vert.jpg,Dragon Slave,Light Strike Array,Fiery Soul,http://cdn.dota2.com/apps/dota2/images/abilities/lina_dragon_slave_hp1.png?v=3484791,http://cdn.dota2.com/apps/dota2/images/abilities/lina_light_strike_array_hp1.png?v=3484791,http://cdn.dota2.com/apps/dota2/images/abilities/lina_fiery_soul_hp1.png?v=3484791
1,26,Lion,npc_dota_hero_lion,http://cdn.dota2.com/apps/dota2/images/heroes/lion_full.png,http://cdn.dota2.com/apps/dota2/images/heroes/lion_lg.png,http://cdn.dota2.com/apps/dota2/images/heroes/lion_sb.png,http://cdn.dota2.com/apps/dota2/images/heroes/lion_vert.jpg,Earth Spike,Hex,Mana Drain,http://cdn.dota2.com/apps/dota2/images/abilities/lion_impale_hp1.png?v=3484791,http://cdn.dota2.com/apps/dota2/images/abilities/lion_voodoo_hp1.png?v=3484791,http://cdn.dota2.com/apps/dota2/images/abilities/lion_mana_drain_hp1.png?v=3484791
1,80,Lone Druid,npc_dota_hero_lone_druid,http://cdn.dota2.com/apps/dota2/images/heroes/lone_druid_full.png,http://cdn.dota2.com/apps/dota2/images/heroes/lone_druid_lg.png,http://cdn.dota2.com/apps/dota2/images/heroes/lone_druid_sb.png,http://cdn.dota2.com/apps/dota2/images/heroes/lone_druid_vert.jpg,Summon Spirit Bear,Rabid,Savage Roar,http://cdn.dota2.com/apps/dota2/images/abilities/lone_druid_spirit_bear_hp1.png?v=3484791,http://cdn.dota2.com/apps/dota2/images/abilities/lone_druid_rabid_hp1.png?v=3484791,http://cdn.dota2.com/apps/dota2/images/abilities/lone_druid_savage_roar_hp1.png?v=3484791
1,48,Luna,npc_dota_hero_luna,http://cdn.dota2.com/apps/dota2/images/heroes/luna_full.png,http://cdn.dota2.com/apps/dota2/images/heroes/luna_lg.png,http://cdn.dota2.com/apps/dota2/images/heroes/luna_sb.png,http://cdn.dota2.com/apps/dota2/images/heroes/luna_vert.jpg,Lucent Beam,Moon Glaive,Lunar Blessing,http://cdn.dota2.com/apps/dota2/images/abilities/luna_lucent_beam_hp1.png?v=3484791,http://cdn.dota2.com/apps/dota2/images/abilities/luna_moon_glaive_hp1.png?v=3484791,http://cdn.dota2.com/apps/dota2/images/abilities/luna_lunar_blessing_hp1.png?v=3484791
1,77,Lycan,npc_dota_hero_lycan,http://cdn.dota2.com/apps/dota2/images/heroes/lycan_full.png,http://cdn.dota2.com/apps/dota2/images/heroes/lycan_lg.png,http://cdn.dota2.com/apps/dota2/images/heroes/lycan_sb.png,http://cdn.dota2.com/apps/dota2/images/heroes/lycan_vert.jpg,Summon Wolves,Howl,Feral Impulse,http://cdn.dota2.com/apps/dota2/images/abilities/lycan_summon_wolves_hp1.png?v=3484791,http://cdn.dota2.com/apps/dota2/images/abilities/lycan_howl_hp1.png?v=3484791,http://cdn.dota2.com/apps/dota2/images/abilities/lycan_feral_impulse_hp1.png?v=3484791
1,97,Magnus,npc_dota_hero_magnataur,http://cdn.dota2.com/apps/dota2/images/heroes/magnataur_full.png,http://cdn.dota2.com/apps/dota2/images/heroes/magnataur_lg.png,http://cdn.dota2.com/apps/dota2/images/heroes/magnataur_sb.png,http://cdn.dota2.com/apps/dota2/images/heroes/magnataur_vert.jpg,Shockwave,Empower,Skewer,http://cdn.dota2.com/apps/dota2/images/abilities/magnataur_shockwave_hp1.png?v=3484791,http://cdn.dota2.com/apps/dota2/images/abilities/magnataur_empower_hp1.png?v=3484791,http://cdn.dota2.com/apps/dota2/images/abilities/magnataur_skewer_hp1.png?v=3484791
1,94,Medusa,npc_dota_hero_medusa,http://cdn.dota2.com/apps/dota2/images/heroes/medusa_full.png,http://cdn.dota2.com/apps/dota2/images/heroes/medusa_lg.png,http://cdn.dota2.com/apps/dota2/images/heroes/medusa_sb.png,http://cdn.dota2.com/apps/dota2/images/heroes/medusa_vert.jpg,Split Shot,Mystic Snake,Mana Shield,http://cdn.dota2.com/apps/dota2/images/abilities/medusa_split_shot_hp1.png?v=3484791,http://cdn.dota2.com/apps/dota2/images/abilities/medusa_mystic_snake_hp1.png?v=3484791,http://cdn.dota2.com/apps/dota2/images/abilities/medusa_mana_shield_hp1.png?v=3484791
1,82,Meepo,npc_dota_hero_meepo,http://cdn.dota2.com/apps/dota2/images/heroes/meepo_full.png,http://cdn.dota2.com/apps/dota2/images/heroes/meepo_lg.png,http://cdn.dota2.com/apps/dota2/images/heroes/meepo_sb.png,http://cdn.dota2.com/apps/dota2/images/heroes/meepo_vert.jpg,Earthbind,Poof,Geostrike,http://cdn.dota2.com/apps/dota2/images/abilities/meepo_earthbind_hp1.png?v=3484791,http://cdn.dota2.com/apps/dota2/images/abilities/meepo_poof_hp1.png?v=3484791,http://cdn.dota2.com/apps/dota2/images/abilities/meepo_geostrike_hp1.png?v=3484791
1,9,Mirana,npc_dota_hero_mirana,http://cdn.dota2.com/apps/dota2/images/heroes/mirana_full.png,http://cdn.dota2.com/apps/dota2/images/heroes/mirana_lg.png,http://cdn.dota2.com/apps/dota2/images/heroes/mirana_sb.png,http://cdn.dota2.com/apps/dota2/images/heroes/mirana_vert.jpg,Starstorm,Sacred Arrow,Leap,http://cdn.dota2.com/apps/dota2/images/abilities/mirana_starfall_hp1.png?v=3484791,http://cdn.dota2.com/apps/dota2/images/abilities/mirana_arrow_hp1.png?v=3484791,http://cdn.dota2.com/apps/dota2/images/abilities/mirana_leap_hp1.png?v=3484791
1,10,Morphling,npc_dota_hero_morphling,http://cdn.dota2.com/apps/dota2/images/heroes/morphling_full.png,http://cdn.dota2.com/apps/dota2/images/heroes/morphling_lg.png,http://cdn.dota2.com/apps/dota2/images/heroes/morphling_sb.png,http://cdn.dota2.com/apps/dota2/images/heroes/morphling_vert.jpg,Waveform,Adaptive Strike,Morph (Agility Gain),http://cdn.dota2.com/apps/dota2/images/abilities/morphling_waveform_hp1.png?v=3484791,http://cdn.dota2.com/apps/dota2/images/abilities/morphling_adaptive_strike_hp1.png?v=3484791,http://cdn.dota2.com/apps/dota2/images/abilities/morphling_morph_agi_hp1.png?v=3484791
1,89,Naga Siren,npc_dota_hero_naga_siren,http://cdn.dota2.com/apps/dota2/images/heroes/naga_siren_full.png,http://cdn.dota2.com/apps/dota2/images/heroes/naga_siren_lg.png,http://cdn.dota2.com/apps/dota2/images/heroes/naga_siren_sb.png,http://cdn.dota2.com/apps/dota2/images/heroes/naga_siren_vert.jpg,Mirror Image,Ensnare,Rip Tide,http://cdn.dota2.com/apps/dota2/images/abilities/naga_siren_mirror_image_hp1.png?v=3484791,http://cdn.dota2.com/apps/dota2/images/abilities/naga_siren_ensnare_hp1.png?v=3484791,http://cdn.dota2.com/apps/dota2/images/abilities/naga_siren_rip_tide_hp1.png?v=3484791
1,36,Necrophos,npc_dota_hero_necrolyte,http://cdn.dota2.com/apps/dota2/images/heroes/necrolyte_full.png,http://cdn.dota2.com/apps/dota2/images/heroes/necrolyte_lg.png,http://cdn.dota2.com/apps/dota2/images/heroes/necrolyte_sb.png,http://cdn.dota2.com/apps/dota2/images/heroes/necrolyte_vert.jpg,Death Pulse,Heartstopper Aura,Sadist,http://cdn.dota2.com/apps/dota2/images/abilities/necrolyte_death_pulse_hp1.png?v=3484791,http://cdn.dota2.com/apps/dota2/images/abilities/necrolyte_heartstopper_aura_hp1.png?v=3484791,http://cdn.dota2.com/apps/dota2/images/abilities/necrolyte_sadist_hp1.png?v=3484791
1,60,Night Stalker,npc_dota_hero_night_stalker,http://cdn.dota2.com/apps/dota2/images/heroes/night_stalker_full.png,http://cdn.dota2.com/apps/dota2/images/heroes/night_stalker_lg.png,http://cdn.dota2.com/apps/dota2/images/heroes/night_stalker_sb.png,http://cdn.dota2.com/apps/dota2/images/heroes/night_stalker_vert.jpg,Void,Crippling Fear,Hunter in the Night,http://cdn.dota2.com/apps/dota2/images/abilities/night_stalker_void_hp1.png?v=3484791,http://cdn.dota2.com/apps/dota2/images/abilities/night_stalker_crippling_fear_hp1.png?v=3484791,http://cdn.dota2.com/apps/dota2/images/abilities/night_stalker_hunter_in_the_night_hp1.png?v=3484791
1,88,Nyx Assassin,npc_dota_hero_nyx_assassin,http://cdn.dota2.com/apps/dota2/images/heroes/nyx_assassin_full.png,http://cdn.dota2.com/apps/dota2/images/heroes/nyx_assassin_lg.png,http://cdn.dota2.com/apps/dota2/images/heroes/nyx_assassin_sb.png,http://cdn.dota2.com/apps/dota2/images/heroes/nyx_assassin_vert.jpg,Impale,Mana Burn,Spiked Carapace,http://cdn.dota2.com/apps/dota2/images/abilities/nyx_assassin_impale_hp1.png?v=3484791,http://cdn.dota2.com/apps/dota2/images/abilities/nyx_assassin_mana_burn_hp1.png?v=3484791,http://cdn.dota2.com/apps/dota2/images/abilities/nyx_assassin_spiked_carapace_hp1.png?v=3484791
1,84,Ogre Magi,npc_dota_hero_ogre_magi,http://cdn.dota2.com/apps/dota2/images/heroes/ogre_magi_full.png,http://cdn.dota2.com/apps/dota2/images/heroes/ogre_magi_lg.png,http://cdn.dota2.com/apps/dota2/images/heroes/ogre_magi_sb.png,http://cdn.dota2.com/apps/dota2/images/heroes/ogre_magi_vert.jpg,Fireblast,Ignite,Bloodlust,http://cdn.dota2.com/apps/dota2/images/abilities/ogre_magi_fireblast_hp1.png?v=3484791,http://cdn.dota2.com/apps/dota2/images/abilities/ogre_magi_ignite_hp1.png?v=3484791,http://cdn.dota2.com/apps/dota2/images/abilities/ogre_magi_bloodlust_hp1.png?v=3484791
1,57,Omniknight,npc_dota_hero_omniknight,http://cdn.dota2.com/apps/dota2/images/heroes/omniknight_full.png,http://cdn.dota2.com/apps/dota2/images/heroes/omniknight_lg.png,http://cdn.dota2.com/apps/dota2/images/heroes/omniknight_sb.png,http://cdn.dota2.com/apps/dota2/images/heroes/omniknight_vert.jpg,Purification,Repel,Degen Aura,http://cdn.dota2.com/apps/dota2/images/abilities/omniknight_purification_hp1.png?v=3484791,http://cdn.dota2.com/apps/dota2/images/abilities/omniknight_repel_hp1.png?v=3484791,http://cdn.dota2.com/apps/dota2/images/abilities/omniknight_degen_aura_hp1.png?v=3484791
1,111,Oracle,npc_dota_hero_oracle,http://cdn.dota2.com/apps/dota2/images/heroes/oracle_full.png,http://cdn.dota2.com/apps/dota2/images/heroes/oracle_lg.png,http://cdn.dota2.com/apps/dota2/images/heroes/oracle_sb.png,http://cdn.dota2.com/apps/dota2/images/heroes/oracle_vert.jpg,Fortune's End,Fate's Edict,Purifying Flames,http://cdn.dota2.com/apps/dota2/images/abilities/oracle_fortunes_end_hp1.png?v=3484791,http://cdn.dota2.com/apps/dota2/images/abilities/oracle_fates_edict_hp1.png?v=3484791,http://cdn.dota2.com/apps/dota2/images/abilities/oracle_purifying_flames_hp1.png?v=3484791
1,76,Outworld Devourer,npc_dota_hero_obsidian_destroyer,http://cdn.dota2.com/apps/dota2/images/heroes/obsidian_destroyer_full.png,http://cdn.dota2.com/apps/dota2/images/heroes/obsidian_destroyer_lg.png,http://cdn.dota2.com/apps/dota2/images/heroes/obsidian_destroyer_sb.png,http://cdn.dota2.com/apps/dota2/images/heroes/obsidian_destroyer_vert.jpg,Arcane Orb,Astral Imprisonment,Essence Aura,http://cdn.dota2.com/apps/dota2/images/abilities/obsidian_destroyer_arcane_orb_hp1.png?v=3484791,http://cdn.dota2.com/apps/dota2/images/abilities/obsidian_destroyer_astral_imprisonment_hp1.png?v=3484791,http://cdn.dota2.com/apps/dota2/images/abilities/obsidian_destroyer_essence_aura_hp1.png?v=3484791
1,44,Phantom Assassin,npc_dota_hero_phantom_assassin,http://cdn.dota2.com/apps/dota2/images/heroes/phantom_assassin_full.png,http://cdn.dota2.com/apps/dota2/images/heroes/phantom_assassin_lg.png,http://cdn.dota2.com/apps/dota2/images/heroes/phantom_assassin_sb.png,http://cdn.dota2.com/apps/dota2/images/heroes/phantom_assassin_vert.jpg,Stifling Dagger,Phantom Strike,Blur,http://cdn.dota2.com/apps/dota2/images/abilities/phantom_assassin_stifling_dagger_hp1.png?v=3484791,http://cdn.dota2.com/apps/dota2/images/abilities/phantom_assassin_phantom_strike_hp1.png?v=3484791,http://cdn.dota2.com/apps/dota2/images/abilities/phantom_assassin_blur_hp1.png?v=3484791
1,12,Phantom Lancer,npc_dota_hero_phantom_lancer,http://cdn.dota2.com/apps/dota2/images/heroes/phantom_lancer_full.png,http://cdn.dota2.com/apps/dota2/images/heroes/phantom_lancer_lg.png,http://cdn.dota2.com/apps/dota2/images/heroes/phantom_lancer_sb.png,http://cdn.dota2.com/apps/dota2/images/heroes/phantom_lancer_vert.jpg,Spirit Lance,Doppelganger,Phantom Rush,http://cdn.dota2.com/apps/dota2/images/abilities/phantom_lancer_spirit_lance_hp1.png?v=3484791,http://cdn.dota2.com/apps/dota2/images/abilities/phantom_lancer_doppelwalk_hp1.png?v=3484791,http://cdn.dota2.com/apps/dota2/images/abilities/phantom_lancer_phantom_edge_hp1.png?v=3484791
1,110,Phoenix,npc_dota_hero_phoenix,http://cdn.dota2.com/apps/dota2/images/heroes/phoenix_full.png,http://cdn.dota2.com/apps/dota2/images/heroes/phoenix_lg.png,http://cdn.dota2.com/apps/dota2/images/heroes/phoenix_sb.png,http://cdn.dota2.com/apps/dota2/images/heroes/phoenix_vert.jpg,Icarus Dive,Fire Spirits,Sun Ray,http://cdn.dota2.com/apps/dota2/images/abilities/phoenix_icarus_dive_hp1.png?v=3484791,http://cdn.dota2.com/apps/dota2/images/abilities/phoenix_fire_spirits_hp1.png?v=3484791,http://cdn.dota2.com/apps/dota2/images/abilities/phoenix_sun_ray_hp1.png?v=3484791
1,13,Puck,npc_dota_hero_puck,http://cdn.dota2.com/apps/dota2/images/heroes/puck_full.png,http://cdn.dota2.com/apps/dota2/images/heroes/puck_lg.png,http://cdn.dota2.com/apps/dota2/images/heroes/puck_sb.png,http://cdn.dota2.com/apps/dota2/images/heroes/puck_vert.jpg,Illusory Orb,Waning Rift,Phase Shift,http://cdn.dota2.com/apps/dota2/images/abilities/puck_illusory_orb_hp1.png?v=3484791,http://cdn.dota2.com/apps/dota2/images/abilities/puck_waning_rift_hp1.png?v=3484791,http://cdn.dota2.com/apps/dota2/images/abilities/puck_phase_shift_hp1.png?v=3484791
1,14,Pudge,npc_dota_hero_pudge,http://cdn.dota2.com/apps/dota2/images/heroes/pudge_full.png,http://cdn.dota2.com/apps/dota2/images/heroes/pudge_lg.png,http://cdn.dota2.com/apps/dota2/images/heroes/pudge_sb.png,http://cdn.dota2.com/apps/dota2/images/heroes/pudge_vert.jpg,Meat Hook,Rot,Flesh Heap,http://cdn.dota2.com/apps/dota2/images/abilities/pudge_meat_hook_hp1.png?v=3484791,http://cdn.dota2.com/apps/dota2/images/abilities/pudge_rot_hp1.png?v=3484791,http://cdn.dota2.com/apps/dota2/images/abilities/pudge_flesh_heap_hp1.png?v=3484791
1,45,Pugna,npc_dota_hero_pugna,http://cdn.dota2.com/apps/dota2/images/heroes/pugna_full.png,http://cdn.dota2.com/apps/dota2/images/heroes/pugna_lg.png,http://cdn.dota2.com/apps/dota2/images/heroes/pugna_sb.png,http://cdn.dota2.com/apps/dota2/images/heroes/pugna_vert.jpg,Nether Blast,Decrepify,Nether Ward,http://cdn.dota2.com/apps/dota2/images/abilities/pugna_nether_blast_hp1.png?v=3484791,http://cdn.dota2.com/apps/dota2/images/abilities/pugna_decrepify_hp1.png?v=3484791,http://cdn.dota2.com/apps/dota2/images/abilities/pugna_nether_ward_hp1.png?v=3484791
1,39,Queen of Pain,npc_dota_hero_queenofpain,http://cdn.dota2.com/apps/dota2/images/heroes/queenofpain_full.png,http://cdn.dota2.com/apps/dota2/images/heroes/queenofpain_lg.png,http://cdn.dota2.com/apps/dota2/images/heroes/queenofpain_sb.png,http://cdn.dota2.com/apps/dota2/images/heroes/queenofpain_vert.jpg,Shadow Strike,Blink,Scream Of Pain,http://cdn.dota2.com/apps/dota2/images/abilities/queenofpain_shadow_strike_hp1.png?v=3484791,http://cdn.dota2.com/apps/dota2/images/abilities/queenofpain_blink_hp1.png?v=3484791,http://cdn.dota2.com/apps/dota2/images/abilities/queenofpain_scream_of_pain_hp1.png?v=3484791
1,15,Razor,npc_dota_hero_razor,http://cdn.dota2.com/apps/dota2/images/heroes/razor_full.png,http://cdn.dota2.com/apps/dota2/images/heroes/razor_lg.png,http://cdn.dota2.com/apps/dota2/images/heroes/razor_sb.png,http://cdn.dota2.com/apps/dota2/images/heroes/razor_vert.jpg,Plasma Field,Static Link,Unstable Current,http://cdn.dota2.com/apps/dota2/images/abilities/razor_plasma_field_hp1.png?v=3484791,http://cdn.dota2.com/apps/dota2/images/abilities/razor_static_link_hp1.png?v=3484791,http://cdn.dota2.com/apps/dota2/images/abilities/razor_unstable_current_hp1.png?v=3484791
1,32,Riki,npc_dota_hero_riki,http://cdn.dota2.com/apps/dota2/images/heroes/riki_full.png,http://cdn.dota2.com/apps/dota2/images/heroes/riki_lg.png,http://cdn.dota2.com/apps/dota2/images/heroes/riki_sb.png,http://cdn.dota2.com/apps/dota2/images/heroes/riki_vert.jpg,Smoke Screen,Blink Strike,Cloak and Dagger,http://cdn.dota2.com/apps/dota2/images/abilities/riki_smoke_screen_hp1.png?v=3484791,http://cdn.dota2.com/apps/dota2/images/abilities/riki_blink_strike_hp1.png?v=3484791,http://cdn.dota2.com/apps/dota2/images/abilities/riki_permanent_invisibility_hp1.png?v=3484791
1,86,Rubick,npc_dota_hero_rubick,http://cdn.dota2.com/apps/dota2/images/heroes/rubick_full.png,http://cdn.dota2.com/apps/dota2/images/heroes/rubick_lg.png,http://cdn.dota2.com/apps/dota2/images/heroes/rubick_sb.png,http://cdn.dota2.com/apps/dota2/images/heroes/rubick_vert.jpg,Telekinesis,Telekinesis Land,Fade Bolt,http://cdn.dota2.com/apps/dota2/images/abilities/rubick_telekinesis_hp1.png?v=3484791,http://cdn.dota2.com/apps/dota2/images/abilities/rubick_telekinesis_land_hp1.png?v=3484791,http://cdn.dota2.com/apps/dota2/images/abilities/rubick_fade_bolt_hp1.png?v=3484791
1,16,Sand King,npc_dota_hero_sand_king,http://cdn.dota2.com/apps/dota2/images/heroes/sand_king_full.png,http://cdn.dota2.com/apps/dota2/images/heroes/sand_king_lg.png,http://cdn.dota2.com/apps/dota2/images/heroes/sand_king_sb.png,http://cdn.dota2.com/apps/dota2/images/heroes/sand_king_vert.jpg,Burrowstrike,Sand Storm,Caustic Finale,http://cdn.dota2.com/apps/dota2/images/abilities/sandking_burrowstrike_hp1.png?v=3484791,http://cdn.dota2.com/apps/dota2/images/abilities/sandking_sand_storm_hp1.png?v=3484791,http://cdn.dota2.com/apps/dota2/images/abilities/sandking_caustic_finale_hp1.png?v=3484791
1,79,Shadow Demon,npc_dota_hero_shadow_demon,http://cdn.dota2.com/apps/dota2/images/heroes/shadow_demon_full.png,http://cdn.dota2.com/apps/dota2/images/heroes/shadow_demon_lg.png,http://cdn.dota2.com/apps/dota2/images/heroes/shadow_demon_sb.png,http://cdn.dota2.com/apps/dota2/images/heroes/shadow_demon_vert.jpg,Disruption,Soul Catcher,Shadow Poison,http://cdn.dota2.com/apps/dota2/images/abilities/shadow_demon_disruption_hp1.png?v=3484791,http://cdn.dota2.com/apps/dota2/images/abilities/shadow_demon_soul_catcher_hp1.png?v=3484791,http://cdn.dota2.com/apps/dota2/images/abilities/shadow_demon_shadow_poison_hp1.png?v=3484791
1,11,Shadow Fiend,npc_dota_hero_nevermore,http://cdn.dota2.com/apps/dota2/images/heroes/nevermore_full.png,http://cdn.dota2.com/apps/dota2/images/heroes/nevermore_lg.png,http://cdn.dota2.com/apps/dota2/images/heroes/nevermore_sb.png,http://cdn.dota2.com/apps/dota2/images/heroes/nevermore_vert.jpg,Shadowraze,Necromastery,Presence of the Dark Lord,http://cdn.dota2.com/apps/dota2/images/abilities/nevermore_shadowraze1_hp1.png?v=3484791,http://cdn.dota2.com/apps/dota2/images/abilities/nevermore_necromastery_hp1.png?v=3484791,http://cdn.dota2.com/apps/dota2/images/abilities/nevermore_dark_lord_hp1.png?v=3484791
1,27,Shadow Shaman,npc_dota_hero_shadow_shaman,http://cdn.dota2.com/apps/dota2/images/heroes/shadow_shaman_full.png,http://cdn.dota2.com/apps/dota2/images/heroes/shadow_shaman_lg.png,http://cdn.dota2.com/apps/dota2/images/heroes/shadow_shaman_sb.png,http://cdn.dota2.com/apps/dota2/images/heroes/shadow_shaman_vert.jpg,Ether Shock,Hex,Shackles,http://cdn.dota2.com/apps/dota2/images/abilities/shadow_shaman_ether_shock_hp1.png?v=3484791,http://cdn.dota2.com/apps/dota2/images/abilities/shadow_shaman_voodoo_hp1.png?v=3484791,http://cdn.dota2.com/apps/dota2/images/abilities/shadow_shaman_shackles_hp1.png?v=3484791
1,75,Silencer,npc_dota_hero_silencer,http://cdn.dota2.com/apps/dota2/images/heroes/silencer_full.png,http://cdn.dota2.com/apps/dota2/images/heroes/silencer_lg.png,http://cdn.dota2.com/apps/dota2/images/heroes/silencer_sb.png,http://cdn.dota2.com/apps/dota2/images/heroes/silencer_vert.jpg,Arcane Curse,Glaives of Wisdom,Last Word,http://cdn.dota2.com/apps/dota2/images/abilities/silencer_curse_of_the_silent_hp1.png?v=3484791,http://cdn.dota2.com/apps/dota2/images/abilities/silencer_glaives_of_wisdom_hp1.png?v=3484791,http://cdn.dota2.com/apps/dota2/images/abilities/silencer_last_word_hp1.png?v=3484791
1,101,Skywrath Mage,npc_dota_hero_skywrath_mage,http://cdn.dota2.com/apps/dota2/images/heroes/skywrath_mage_full.png,http://cdn.dota2.com/apps/dota2/images/heroes/skywrath_mage_lg.png,http://cdn.dota2.com/apps/dota2/images/heroes/skywrath_mage_sb.png,http://cdn.dota2.com/apps/dota2/images/heroes/skywrath_mage_vert.jpg,Arcane Bolt,Concussive Shot,Ancient Seal,http://cdn.dota2.com/apps/dota2/images/abilities/skywrath_mage_arcane_bolt_hp1.png?v=3484791,http://cdn.dota2.com/apps/dota2/images/abilities/skywrath_mage_concussive_shot_hp1.png?v=3484791,http://cdn.dota2.com/apps/dota2/images/abilities/skywrath_mage_ancient_seal_hp1.png?v=3484791
1,28,Slardar,npc_dota_hero_slardar,http://cdn.dota2.com/apps/dota2/images/heroes/slardar_full.png,http://cdn.dota2.com/apps/dota2/images/heroes/slardar_lg.png,http://cdn.dota2.com/apps/dota2/images/heroes/slardar_sb.png,http://cdn.dota2.com/apps/dota2/images/heroes/slardar_vert.jpg,Sprint,Slithereen Crush,Bash,http://cdn.dota2.com/apps/dota2/images/abilities/slardar_sprint_hp1.png?v=3484791,http://cdn.dota2.com/apps/dota2/images/abilities/slardar_slithereen_crush_hp1.png?v=3484791,http://cdn.dota2.com/apps/dota2/images/abilities/slardar_bash_hp1.png?v=3484791
1,93,Slark,npc_dota_hero_slark,http://cdn.dota2.com/apps/dota2/images/heroes/slark_full.png,http://cdn.dota2.com/apps/dota2/images/heroes/slark_lg.png,http://cdn.dota2.com/apps/dota2/images/heroes/slark_sb.png,http://cdn.dota2.com/apps/dota2/images/heroes/slark_vert.jpg,Dark Pact,Pounce,Essence Shift,http://cdn.dota2.com/apps/dota2/images/abilities/slark_dark_pact_hp1.png?v=3484791,http://cdn.dota2.com/apps/dota2/images/abilities/slark_pounce_hp1.png?v=3484791,http://cdn.dota2.com/apps/dota2/images/abilities/slark_essence_shift_hp1.png?v=3484791
1,35,Sniper,npc_dota_hero_sniper,http://cdn.dota2.com/apps/dota2/images/heroes/sniper_full.png,http://cdn.dota2.com/apps/dota2/images/heroes/sniper_lg.png,http://cdn.dota2.com/apps/dota2/images/heroes/sniper_sb.png,http://cdn.dota2.com/apps/dota2/images/heroes/sniper_vert.jpg,Shrapnel,Headshot,Take Aim,http://cdn.dota2.com/apps/dota2/images/abilities/sniper_shrapnel_hp1.png?v=3484791,http://cdn.dota2.com/apps/dota2/images/abilities/sniper_headshot_hp1.png?v=3484791,http://cdn.dota2.com/apps/dota2/images/abilities/sniper_take_aim_hp1.png?v=3484791
1,67,Spectre,npc_dota_hero_spectre,http://cdn.dota2.com/apps/dota2/images/heroes/spectre_full.png,http://cdn.dota2.com/apps/dota2/images/heroes/spectre_lg.png,http://cdn.dota2.com/apps/dota2/images/heroes/spectre_sb.png,http://cdn.dota2.com/apps/dota2/images/heroes/spectre_vert.jpg,Spectral Dagger,Desolate,Dispersion,http://cdn.dota2.com/apps/dota2/images/abilities/spectre_spectral_dagger_hp1.png?v=3484791,http://cdn.dota2.com/apps/dota2/images/abilities/spectre_desolate_hp1.png?v=3484791,http://cdn.dota2.com/apps/dota2/images/abilities/spectre_dispersion_hp1.png?v=3484791
1,71,Spirit Breaker,npc_dota_hero_spirit_breaker,http://cdn.dota2.com/apps/dota2/images/heroes/spirit_breaker_full.png,http://cdn.dota2.com/apps/dota2/images/heroes/spirit_breaker_lg.png,http://cdn.dota2.com/apps/dota2/images/heroes/spirit_breaker_sb.png,http://cdn.dota2.com/apps/dota2/images/heroes/spirit_breaker_vert.jpg,Charge of Darkness,Empowering Haste,Greater Bash,http://cdn.dota2.com/apps/dota2/images/abilities/spirit_breaker_charge_of_darkness_hp1.png?v=3484791,http://cdn.dota2.com/apps/dota2/images/abilities/spirit_breaker_empowering_haste_hp1.png?v=3484791,http://cdn.dota2.com/apps/dota2/images/abilities/spirit_breaker_greater_bash_hp1.png?v=3484791
1,17,Storm Spirit,npc_dota_hero_storm_spirit,http://cdn.dota2.com/apps/dota2/images/heroes/storm_spirit_full.png,http://cdn.dota2.com/apps/dota2/images/heroes/storm_spirit_lg.png,http://cdn.dota2.com/apps/dota2/images/heroes/storm_spirit_sb.png,http://cdn.dota2.com/apps/dota2/images/heroes/storm_spirit_vert.jpg,Static Remnant,Electric Vortex,Overload,http://cdn.dota2.com/apps/dota2/images/abilities/storm_spirit_static_remnant_hp1.png?v=3484791,http://cdn.dota2.com/apps/dota2/images/abilities/storm_spirit_electric_vortex_hp1.png?v=3484791,http://cdn.dota2.com/apps/dota2/images/abilities/storm_spirit_overload_hp1.png?v=3484791
1,18,Sven,npc_dota_hero_sven,http://cdn.dota2.com/apps/dota2/images/heroes/sven_full.png,http://cdn.dota2.com/apps/dota2/images/heroes/sven_lg.png,http://cdn.dota2.com/apps/dota2/images/heroes/sven_sb.png,http://cdn.dota2.com/apps/dota2/images/heroes/sven_vert.jpg,Storm Hammer,Great Cleave,Warcry,http://cdn.dota2.com/apps/dota2/images/abilities/sven_storm_bolt_hp1.png?v=3484791,http://cdn.dota2.com/apps/dota2/images/abilities/sven_great_cleave_hp1.png?v=3484791,http://cdn.dota2.com/apps/dota2/images/abilities/sven_warcry_hp1.png?v=3484791
1,105,Techies,npc_dota_hero_techies,http://cdn.dota2.com/apps/dota2/images/heroes/techies_full.png,http://cdn.dota2.com/apps/dota2/images/heroes/techies_lg.png,http://cdn.dota2.com/apps/dota2/images/heroes/techies_sb.png,http://cdn.dota2.com/apps/dota2/images/heroes/techies_vert.jpg,Land Mines,Stasis Trap,"Suicide Squad, Attack!",http://cdn.dota2.com/apps/dota2/images/abilities/techies_land_mines_hp1.png?v=3484791,http://cdn.dota2.com/apps/dota2/images/abilities/techies_stasis_trap_hp1.png?v=3484791,http://cdn.dota2.com/apps/dota2/images/abilities/techies_suicide_hp1.png?v=3484791
1,46,Templar Assassin,npc_dota_hero_templar_assassin,http://cdn.dota2.com/apps/dota2/images/heroes/templar_assassin_full.png,http://cdn.dota2.com/apps/dota2/images/heroes/templar_assassin_lg.png,http://cdn.dota2.com/apps/dota2/images/heroes/templar_assassin_sb.png,http://cdn.dota2.com/apps/dota2/images/heroes/templar_assassin_vert.jpg,Refraction,Meld,Psi Blades,http://cdn.dota2.com/apps/dota2/images/abilities/templar_assassin_refraction_hp1.png?v=3484791,http://cdn.dota2.com/apps/dota2/images/abilities/templar_assassin_meld_hp1.png?v=3484791,http://cdn.dota2.com/apps/dota2/images/abilities/templar_assassin_psi_blades_hp1.png?v=3484791
1,109,Terrorblade,npc_dota_hero_terrorblade,http://cdn.dota2.com/apps/dota2/images/heroes/terrorblade_full.png,http://cdn.dota2.com/apps/dota2/images/heroes/terrorblade_lg.png,http://cdn.dota2.com/apps/dota2/images/heroes/terrorblade_sb.png,http://cdn.dota2.com/apps/dota2/images/heroes/terrorblade_vert.jpg,Reflection,Conjure Image,Metamorphosis,http://cdn.dota2.com/apps/dota2/images/abilities/terrorblade_reflection_hp1.png?v=3484791,http://cdn.dota2.com/apps/dota2/images/abilities/terrorblade_conjure_image_hp1.png?v=3484791,http://cdn.dota2.com/apps/dota2/images/abilities/terrorblade_metamorphosis_hp1.png?v=3484791
1,29,Tidehunter,npc_dota_hero_tidehunter,http://cdn.dota2.com/apps/dota2/images/heroes/tidehunter_full.png,http://cdn.dota2.com/apps/dota2/images/heroes/tidehunter_lg.png,http://cdn.dota2.com/apps/dota2/images/heroes/tidehunter_sb.png,http://cdn.dota2.com/apps/dota2/images/heroes/tidehunter_vert.jpg,Gush,Kraken Shell,Anchor Smash,http://cdn.dota2.com/apps/dota2/images/abilities/tidehunter_gush_hp1.png?v=3484791,http://cdn.dota2.com/apps/dota2/images/abilities/tidehunter_kraken_shell_hp1.png?v=3484791,http://cdn.dota2.com/apps/dota2/images/abilities/tidehunter_anchor_smash_hp1.png?v=3484791
1,98,Timbersaw,npc_dota_hero_shredder,http://cdn.dota2.com/apps/dota2/images/heroes/shredder_full.png,http://cdn.dota2.com/apps/dota2/images/heroes/shredder_lg.png,http://cdn.dota2.com/apps/dota2/images/heroes/shredder_sb.png,http://cdn.dota2.com/apps/dota2/images/heroes/shredder_vert.jpg,Whirling Death,Timber Chain,Reactive Armor,http://cdn.dota2.com/apps/dota2/images/abilities/shredder_whirling_death_hp1.png?v=3484791,http://cdn.dota2.com/apps/dota2/images/abilities/shredder_timber_chain_hp1.png?v=3484791,http://cdn.dota2.com/apps/dota2/images/abilities/shredder_reactive_armor_hp1.png?v=3484791
1,34,Tinker,npc_dota_hero_tinker,http://cdn.dota2.com/apps/dota2/images/heroes/tinker_full.png,http://cdn.dota2.com/apps/dota2/images/heroes/tinker_lg.png,http://cdn.dota2.com/apps/dota2/images/heroes/tinker_sb.png,http://cdn.dota2.com/apps/dota2/images/heroes/tinker_vert.jpg,Laser,Heat-Seeking Missile,March of the Machines,http://cdn.dota2.com/apps/dota2/images/abilities/tinker_laser_hp1.png?v=3484791,http://cdn.dota2.com/apps/dota2/images/abilities/tinker_heat_seeking_missile_hp1.png?v=3484791,http://cdn.dota2.com/apps/dota2/images/abilities/tinker_march_of_the_machines_hp1.png?v=3484791
1,19,Tiny,npc_dota_hero_tiny,http://cdn.dota2.com/apps/dota2/images/heroes/tiny_full.png,http://cdn.dota2.com/apps/dota2/images/heroes/tiny_lg.png,http://cdn.dota2.com/apps/dota2/images/heroes/tiny_sb.png,http://cdn.dota2.com/apps/dota2/images/heroes/tiny_vert.jpg,Avalanche,Toss,Craggy Exterior,http://cdn.dota2.com/apps/dota2/images/abilities/tiny_avalanche_hp1.png?v=3484791,http://cdn.dota2.com/apps/dota2/images/abilities/tiny_toss_hp1.png?v=3484791,http://cdn.dota2.com/apps/dota2/images/abilities/tiny_craggy_exterior_hp1.png?v=3484791
1,83,Treant Protector,npc_dota_hero_treant,http://cdn.dota2.com/apps/dota2/images/heroes/treant_full.png,http://cdn.dota2.com/apps/dota2/images/heroes/treant_lg.png,http://cdn.dota2.com/apps/dota2/images/heroes/treant_sb.png,http://cdn.dota2.com/apps/dota2/images/heroes/treant_vert.jpg,Natures Guise,Leech Seed,Living Armor,http://cdn.dota2.com/apps/dota2/images/abilities/treant_natures_guise_hp1.png?v=3484791,http://cdn.dota2.com/apps/dota2/images/abilities/treant_leech_seed_hp1.png?v=3484791,http://cdn.dota2.com/apps/dota2/images/abilities/treant_living_armor_hp1.png?v=3484791
1,95,Troll Warlord,npc_dota_hero_troll_warlord,http://cdn.dota2.com/apps/dota2/images/heroes/troll_warlord_full.png,http://cdn.dota2.com/apps/dota2/images/heroes/troll_warlord_lg.png,http://cdn.dota2.com/apps/dota2/images/heroes/troll_warlord_sb.png,http://cdn.dota2.com/apps/dota2/images/heroes/troll_warlord_vert.jpg,Berserker's Rage,Whirling Axes (Ranged),Whirling Axes (Melee),http://cdn.dota2.com/apps/dota2/images/abilities/troll_warlord_berserkers_rage_hp1.png?v=3484791,http://cdn.dota2.com/apps/dota2/images/abilities/troll_warlord_whirling_axes_ranged_hp1.png?v=3484791,http://cdn.dota2.com/apps/dota2/images/abilities/troll_warlord_whirling_axes_melee_hp1.png?v=3484791
1,100,Tusk,npc_dota_hero_tusk,http://cdn.dota2.com/apps/dota2/images/heroes/tusk_full.png,http://cdn.dota2.com/apps/dota2/images/heroes/tusk_lg.png,http://cdn.dota2.com/apps/dota2/images/heroes/tusk_sb.png,http://cdn.dota2.com/apps/dota2/images/heroes/tusk_vert.jpg,Ice Shards,Snowball,Frozen Sigil,http://cdn.dota2.com/apps/dota2/images/abilities/tusk_ice_shards_hp1.png?v=3484791,http://cdn.dota2.com/apps/dota2/images/abilities/tusk_snowball_hp1.png?v=3484791,http://cdn.dota2.com/apps/dota2/images/abilities/tusk_frozen_sigil_hp1.png?v=3484791
1,85,Undying,npc_dota_hero_undying,http://cdn.dota2.com/apps/dota2/images/heroes/undying_full.png,http://cdn.dota2.com/apps/dota2/images/heroes/undying_lg.png,http://cdn.dota2.com/apps/dota2/images/heroes/undying_sb.png,http://cdn.dota2.com/apps/dota2/images/heroes/undying_vert.jpg,Decay,Soul Rip,Tombstone,http://cdn.dota2.com/apps/dota2/images/abilities/undying_decay_hp1.png?v=3484791,http://cdn.dota2.com/apps/dota2/images/abilities/undying_soul_rip_hp1.png?v=3484791,http://cdn.dota2.com/apps/dota2/images/abilities/undying_tombstone_hp1.png?v=3484791
1,70,Ursa,npc_dota_hero_ursa,http://cdn.dota2.com/apps/dota2/images/heroes/ursa_full.png,http://cdn.dota2.com/apps/dota2/images/heroes/ursa_lg.png,http://cdn.dota2.com/apps/dota2/images/heroes/ursa_sb.png,http://cdn.dota2.com/apps/dota2/images/heroes/ursa_vert.jpg,Earthshock,Overpower,Fury Swipes,http://cdn.dota2.com/apps/dota2/images/abilities/ursa_earthshock_hp1.png?v=3484791,http://cdn.dota2.com/apps/dota2/images/abilities/ursa_overpower_hp1.png?v=3484791,http://cdn.dota2.com/apps/dota2/images/abilities/ursa_fury_swipes_hp1.png?v=3484791
1,20,Vengeful Spirit,npc_dota_hero_vengefulspirit,http://cdn.dota2.com/apps/dota2/images/heroes/vengefulspirit_full.png,http://cdn.dota2.com/apps/dota2/images/heroes/vengefulspirit_lg.png,http://cdn.dota2.com/apps/dota2/images/heroes/vengefulspirit_sb.png,http://cdn.dota2.com/apps/dota2/images/heroes/vengefulspirit_vert.jpg,Magic Missile,Wave of Terror,Vengeance Aura,http://cdn.dota2.com/apps/dota2/images/abilities/vengefulspirit_magic_missile_hp1.png?v=3484791,http://cdn.dota2.com/apps/dota2/images/abilities/vengefulspirit_wave_of_terror_hp1.png?v=3484791,http://cdn.dota2.com/apps/dota2/images/abilities/vengefulspirit_command_aura_hp1.png?v=3484791
1,40,Venomancer,npc_dota_hero_venomancer,http://cdn.dota2.com/apps/dota2/images/heroes/venomancer_full.png,http://cdn.dota2.com/apps/dota2/images/heroes/venomancer_lg.png,http://cdn.dota2.com/apps/dota2/images/heroes/venomancer_sb.png,http://cdn.dota2.com/apps/dota2/images/heroes/venomancer_vert.jpg,Venomous Gale,Poison Sting,Plague Ward,http://cdn.dota2.com/apps/dota2/images/abilities/venomancer_venomous_gale_hp1.png?v=3484791,http://cdn.dota2.com/apps/dota2/images/abilities/venomancer_poison_sting_hp1.png?v=3484791,http://cdn.dota2.com/apps/dota2/images/abilities/venomancer_plague_ward_hp1.png?v=3484791
1,47,Viper,npc_dota_hero_viper,http://cdn.dota2.com/apps/dota2/images/heroes/viper_full.png,http://cdn.dota2.com/apps/dota2/images/heroes/viper_lg.png,http://cdn.dota2.com/apps/dota2/images/heroes/viper_sb.png,http://cdn.dota2.com/apps/dota2/images/heroes/viper_vert.jpg,Poison Attack,Nethertoxin,Corrosive Skin,http://cdn.dota2.com/apps/dota2/images/abilities/viper_poison_attack_hp1.png?v=3484791,http://cdn.dota2.com/apps/dota2/images/abilities/viper_nethertoxin_hp1.png?v=3484791,http://cdn.dota2.com/apps/dota2/images/abilities/viper_corrosive_skin_hp1.png?v=3484791
1,92,Visage,npc_dota_hero_visage,http://cdn.dota2.com/apps/dota2/images/heroes/visage_full.png,http://cdn.dota2.com/apps/dota2/images/heroes/visage_lg.png,http://cdn.dota2.com/apps/dota2/images/heroes/visage_sb.png,http://cdn.dota2.com/apps/dota2/images/heroes/visage_vert.jpg,Grave Chill,Soul Assumption,Gravekeeper's Cloak,http://cdn.dota2.com/apps/dota2/images/abilities/visage_grave_chill_hp1.png?v=3484791,http://cdn.dota2.com/apps/dota2/images/abilities/visage_soul_assumption_hp1.png?v=3484791,http://cdn.dota2.com/apps/dota2/images/abilities/visage_gravekeepers_cloak_hp1.png?v=3484791
1,37,Warlock,npc_dota_hero_warlock,http://cdn.dota2.com/apps/dota2/images/heroes/warlock_full.png,http://cdn.dota2.com/apps/dota2/images/heroes/warlock_lg.png,http://cdn.dota2.com/apps/dota2/images/heroes/warlock_sb.png,http://cdn.dota2.com/apps/dota2/images/heroes/warlock_vert.jpg,Fatal Bonds,Shadow Word,Upheaval,http://cdn.dota2.com/apps/dota2/images/abilities/warlock_fatal_bonds_hp1.png?v=3484791,http://cdn.dota2.com/apps/dota2/images/abilities/warlock_shadow_word_hp1.png?v=3484791,http://cdn.dota2.com/apps/dota2/images/abilities/warlock_upheaval_hp1.png?v=3484791
1,63,Weaver,npc_dota_hero_weaver,http://cdn.dota2.com/apps/dota2/images/heroes/weaver_full.png,http://cdn.dota2.com/apps/dota2/images/heroes/weaver_lg.png,http://cdn.dota2.com/apps/dota2/images/heroes/weaver_sb.png,http://cdn.dota2.com/apps/dota2/images/heroes/weaver_vert.jpg,The Swarm,Shukuchi,Geminate Attack,http://cdn.dota2.com/apps/dota2/images/abilities/weaver_the_swarm_hp1.png?v=3484791,http://cdn.dota2.com/apps/dota2/images/abilities/weaver_shukuchi_hp1.png?v=3484791,http://cdn.dota2.com/apps/dota2/images/abilities/weaver_geminate_attack_hp1.png?v=3484791
1,21,Windranger,npc_dota_hero_windrunner,http://cdn.dota2.com/apps/dota2/images/heroes/windrunner_full.png,http://cdn.dota2.com/apps/dota2/images/heroes/windrunner_lg.png,http://cdn.dota2.com/apps/dota2/images/heroes/windrunner_sb.png,http://cdn.dota2.com/apps/dota2/images/heroes/windrunner_vert.jpg,Shackleshot,Powershot,Windrun,http://cdn.dota2.com/apps/dota2/images/abilities/windrunner_shackleshot_hp1.png?v=3484791,http://cdn.dota2.com/apps/dota2/images/abilities/windrunner_powershot_hp1.png?v=3484791,http://cdn.dota2.com/apps/dota2/images/abilities/windrunner_windrun_hp1.png?v=3484791
1,112,Winter Wyvern,npc_dota_hero_winter_wyvern,http://cdn.dota2.com/apps/dota2/images/heroes/winter_wyvern_full.png,http://cdn.dota2.com/apps/dota2/images/heroes/winter_wyvern_lg.png,http://cdn.dota2.com/apps/dota2/images/heroes/winter_wyvern_sb.png,http://cdn.dota2.com/apps/dota2/images/heroes/winter_wyvern_vert.jpg,Arctic Burn,Splinter Blast,Cold Embrace,http://cdn.dota2.com/apps/dota2/images/abilities/winter_wyvern_arctic_burn_hp1.png?v=3484791,http://cdn.dota2.com/apps/dota2/images/abilities/winter_wyvern_splinter_blast_hp1.png?v=3484791,http://cdn.dota2.com/apps/dota2/images/abilities/winter_wyvern_cold_embrace_hp1.png?v=3484791
1,30,Witch Doctor,npc_dota_hero_witch_doctor,http://cdn.dota2.com/apps/dota2/images/heroes/witch_doctor_full.png,http://cdn.dota2.com/apps/dota2/images/heroes/witch_doctor_lg.png,http://cdn.dota2.com/apps/dota2/images/heroes/witch_doctor_sb.png,http://cdn.dota2.com/apps/dota2/images/heroes/witch_doctor_vert.jpg,Paralyzing Cask,Voodoo Restoration,Maledict,http://cdn.dota2.com/apps/dota2/images/abilities/witch_doctor_paralyzing_cask_hp1.png?v=3484791,http://cdn.dota2.com/apps/dota2/images/abilities/witch_doctor_voodoo_restoration_hp1.png?v=3484791,http://cdn.dota2.com/apps/dota2/images/abilities/witch_doctor_maledict_hp1.png?v=3484791
1,42,Wraith King,npc_dota_hero_skeleton_king,http://cdn.dota2.com/apps/dota2/images/heroes/skeleton_king_full.png,http://cdn.dota2.com/apps/dota2/images/heroes/skeleton_king_lg.png,http://cdn.dota2.com/apps/dota2/images/heroes/skeleton_king_sb.png,http://cdn.dota2.com/apps/dota2/images/heroes/skeleton_king_vert.jpg,Wraithfire Blast,Vampiric Aura,Mortal Strike,http://cdn.dota2.com/apps/dota2/images/abilities/skeleton_king_hellfire_blast_hp1.png?v=3484791,http://cdn.dota2.com/apps/dota2/images/abilities/skeleton_king_vampiric_aura_hp1.png?v=3484791,http://cdn.dota2.com/apps/dota2/images/abilities/skeleton_king_mortal_strike_hp1.png?v=3484791
1,22,Zeus,npc_dota_hero_zuus,http://cdn.dota2.com/apps/dota2/images/heroes/zuus_full.png,http://cdn.dota2.com/apps/dota2/images/heroes/zuus_lg.png,http://cdn.dota2.com/apps/dota2/images/heroes/zuus_sb.png,http://cdn.dota2.com/apps/dota2/images/heroes/zuus_vert.jpg,Arc Lightning,Lightning Bolt,Static Field,http://cdn.dota2.com/apps/dota2/images/abilities/zuus_arc_lightning_hp1.png?v=3484791,http://cdn.dota2.com/apps/dota2/images/abilities/zuus_lightning_bolt_hp1.png?v=3484791,http://cdn.dota2.com/apps/dota2/images/abilities/zuus_static_field_hp1.png?v=3484791
1,113,Arc Warden,npc_dota_hero_arc_warden,http://cdn.dota2.com/apps/dota2/images/heroes/arc_warden_full.png,http://cdn.dota2.com/apps/dota2/images/heroes/arc_warden_lg.png,http://cdn.dota2.com/apps/dota2/images/heroes/arc_warden_sb.png,http://cdn.dota2.com/apps/dota2/images/heroes/arc_warden_vert.jpg,Flux,Magnetic Field,Spark Wraith,http://cdn.dota2.com/apps/dota2/images/abilities/arc_warden_flux_hp1.png?v=3484791,http://cdn.dota2.com/apps/dota2/images/abilities/arc_warden_magnetic_field_hp1.png?v=3484791,http://cdn.dota2.com/apps/dota2/images/abilities/arc_warden_spark_wraith_hp1.png?v=3484791
